,hamiltonian,eval time,num op choice evals,num optimizer evals,ansz length,final energy
0,"IIIX	(0.995048174864801+0j)
IIIY	(0.23224930263265015+0j)
IIIZ	(-0.3061233542284708+0j)
IIXI	(1.0092555825032936+0j)
IIXX	(0.8415104953836339+0j)
IIXY	(-0.04211819857583206+0j)
IIXZ	(0.2063168749969403+0j)
IIYI	(0.05970286586597193+0j)
IIYX	(0.14336796093495274+0j)
IIYY	(0.051619983650268875+0j)
IIYZ	(-0.008909821386610478+0j)
IIZI	(-0.021554145072704367+0j)
IIZX	(-0.032980861494209035+0j)
IIZY	(-0.0687220523071805+0j)
IIZZ	(0.2733814455099014+0j)
IXII	(0.9640050368532994+0j)
IXIX	(1.147707766847552+0j)
IXIY	(-0.10684933497247566+0j)
IXIZ	(-0.08744139688425093+0j)
IXXI	(1.035540510377198-5.551115123125783e-17j)
IXXX	(1.0449446897980432+0j)
IXXY	(-0.05428964704970436+0j)
IXXZ	(-0.1282490375168737+0j)
IXYI	(-0.4012518988053067+0j)
IXYX	(0.037466951810210716+0j)
IXYY	(0.05662002458161797+0j)
IXYZ	(0.08123636540201332-2.7755575615628914e-17j)
IXZI	(-0.23447230796350305+0j)
IXZX	(0.012196430625123211+0j)
IXZY	(-0.06313969312195043+0j)
IXZZ	(-0.04060368188247335+0j)
IYII	(-0.06228697659320499+0j)
IYIX	(0.03216172859855555+0j)
IYIY	(0.1069009469190157+0j)
IYIZ	(0.16672914993709317+0j)
IYXI	(0.012628606834973785+0j)
IYXX	(-0.09864641652807114+0j)
IYXY	(0.014515621228908801+0j)
IYXZ	(0.02820162280274914+0j)
IYYI	(-0.483981643449397+0j)
IYYX	(0.28824535430345066+0j)
IYYY	(-0.08261617992352814+1.3877787807814457e-17j)
IYYZ	(-0.010261040815649575+0j)
IYZI	(-0.2625576745531382+0j)
IYZX	(0.042654965485255616+0j)
IYZY	(-0.08544921612497319+0j)
IYZZ	(-0.04012088582195911+0j)
IZII	(0.20058583080774386+0j)
IZIX	(-0.0318310302152872+0j)
IZIY	(-0.06762177245388491+0j)
IZIZ	(0.10740570796178735+0j)
IZXI	(-0.13580700532455536+0j)
IZXX	(-0.023450984022603177+0j)
IZXY	(0.02823749754688143+0j)
IZXZ	(0.1844725011286834+0j)
IZYI	(0.33335307095424627+0j)
IZYX	(-0.40289406473337186+0j)
IZYY	(-0.27558669186119733+0j)
IZYZ	(0.14845216251733964+0j)
IZZI	(0.09877128001110932+0j)
IZZX	(-0.006813058614033238+0j)
IZZY	(-0.21309737687785119+0j)
IZZZ	(-0.06650150736981868+0j)
XIII	(0.9038437336161504+0j)
XIIX	(1.0803009891780313+0j)
XIIY	(-0.1764097720108434+0j)
XIIZ	(0.09912551427798985+0j)
XIXI	(1.158142759299357+0j)
XIXX	(0.8624379422110138+0j)
XIXY	(0.208106070223299+0j)
XIXZ	(0.1596248376834815+0j)
XIYI	(0.10559216448430438+0j)
XIYX	(-0.04875176044562421+0j)
XIYY	(0.3661564456379372+0j)
XIYZ	(0.24752050332102632+5.551115123125783e-17j)
XIZI	(-0.1739402999324391+0j)
XIZX	(0.23871974918573857+0j)
XIZY	(0.04280851036454418+0j)
XIZZ	(-0.06533262690542016+0j)
XXII	(1.1881831280926836+0j)
XXIX	(0.9116342917385392-1.3877787807814457e-17j)
XXIY	(0.0664194532115549+0j)
XXIZ	(-0.016295912724763162+0j)
XXXI	(0.8371674873795656+0j)
XXXX	(1.1081959910940506+0j)
XXXY	(-0.1596381281290537-2.7755575615628914e-17j)
XXXZ	(-0.11634685608395556+0j)
XXYI	(0.06214148552286296+0j)
XXYX	(-0.008141668373215255+0j)
XXYY	(-0.2611900901500934+0j)
XXYZ	(-0.17581480710347813+0j)
XXZI	(-0.1609436746969206+0j)
XXZX	(-0.20959208483255765-1.3877787807814457e-17j)
XXZY	(0.20785188354679646+0j)
XXZZ	(-0.22032332690800904+0j)
XYII	(-0.15003748650789417+0j)
XYIX	(-0.3255391615572012+0j)
XYIY	(-0.21692193183540445+0j)
XYIZ	(-0.014117197321947078+0j)
XYXI	(0.18753577387106174+0j)
XYXX	(0.02367747335706885-1.3877787807814457e-17j)
XYXY	(0.053042643182927104+0j)
XYXZ	(0.0638183738017531+0j)
XYYI	(-0.18978528816459095+0j)
XYYX	(0.19820711262493662+0j)
XYYY	(-0.0515570042790614+1.3877787807814457e-17j)
XYYZ	(0.09196191696924137+0j)
XYZI	(0.07341625548639755+0j)
XYZX	(-0.2225465651150311+0j)
XYZY	(-0.05994456703153869+0j)
XYZZ	(-0.21707615863504032+0j)
XZII	(-0.24300245233470466+0j)
XZIX	(-0.03806254680149232+0j)
XZIY	(-0.02693955383599224+0j)
XZIZ	(-0.08908222914282299-1.3877787807814457e-17j)
XZXI	(-0.1357870733051614+0j)
XZXX	(-0.0038865696951224382+0j)
XZXY	(-0.14141744849437798+0j)
XZXZ	(0.22284956199647912-1.3877787807814457e-17j)
XZYI	(0.23622532715643346+0j)
XZYX	(0.009922396959417698+0j)
XZYY	(-0.013825407195386857+0j)
XZYZ	(-0.07079151309351664+0j)
XZZI	(-0.05913656059913083-1.3877787807814457e-17j)
XZZX	(0.15131921565263004+0j)
XZZY	(0.0314400805270955+0j)
XZZZ	(0.07844645177906784+0j)
YIII	(-0.24505397692983052+2.0816681711721685e-17j)
YIIX	(-0.009256853663186626-6.938893903907228e-18j)
YIIY	(-0.1737896465876782+6.938893903907228e-18j)
YIIZ	(0.0008902286460201123+6.938893903907228e-18j)
YIXI	(0.014582230145312097-1.3877787807814457e-17j)
YIXX	(-0.06435220403099054+0j)
YIXY	(-0.10041761971615143+0j)
YIXZ	(-0.13841204145229952+1.3877787807814457e-17j)
YIYI	(-0.10305839814467795+0j)
YIYX	(0.10642078313901887-6.938893903907228e-18j)
YIYY	(0.12694771442243158+0j)
YIYZ	(0.15594946728461673+0j)
YIZI	(0.06365216210965743-6.938893903907228e-18j)
YIZX	(0.18358661454818476+6.938893903907228e-18j)
YIZY	(0.010814499610313055+6.938893903907228e-18j)
YIZZ	(-0.03639523857150349-2.0816681711721685e-17j)
YXII	(-0.14010726023353498-6.938893903907228e-18j)
YXIX	(-0.1339990005776558+0j)
YXIY	(0.058337705329352216+0j)
YXIZ	(-0.12713069421300324-6.938893903907228e-18j)
YXXI	(0.14588040132898128+0j)
YXXX	(-0.07672408390444323-1.3877787807814457e-17j)
YXXY	(-0.09876869859442279+0j)
YXXZ	(-0.004006202976144277+0j)
YXYI	(7.003727054759323e-05+0j)
YXYX	(0.08587896469540689+0j)
YXYY	(0.17988311608668844+1.3877787807814457e-17j)
YXYZ	(-0.2408353607380604+0j)
YXZI	(-0.16222966646986586+2.0816681711721685e-17j)
YXZX	(-0.16973806027189076-2.7755575615628914e-17j)
YXZY	(-0.13099765867434832+0j)
YXZZ	(0.005508710824891072+2.0816681711721685e-17j)
YYII	(-0.16187305393322005+0j)
YYIX	(0.12236034119140518+0j)
YYIY	(0.241673882525725+0j)
YYIZ	(0.2589601759270137+0j)
YYXI	(-0.29795426681339615+0j)
YYXX	(0.09003528099476549+0j)
YYXY	(0.16885846625272954+0j)
YYXZ	(0.030450426524320118+0j)
YYYI	(-0.020056360420020333+0j)
YYYX	(0.03760072050074223+0j)
YYYY	(0.03552615194686193+0j)
YYYZ	(0.02219567089017503+0j)
YYZI	(0.011024181202909308+0j)
YYZX	(0.14118208993611445+0j)
YYZY	(0.025015820538872385+0j)
YYZZ	(-0.13385921104872772+0j)
YZII	(-0.29636035571672514+0j)
YZIX	(0.11132728282836307+0j)
YZIY	(-0.13716613374049325+0j)
YZIZ	(0.07877640248025494+0j)
YZXI	(0.1433377023940746+0j)
YZXX	(-0.29319672767873084-1.3877787807814457e-17j)
YZXY	(-0.11787545625742123-6.938893903907228e-18j)
YZXZ	(-0.15087564074246618+0j)
YZYI	(-0.013392644592804398-2.7755575615628914e-17j)
YZYX	(-0.1380943170085478+0j)
YZYY	(0.07443176360146816+1.3877787807814457e-17j)
YZYZ	(0.0924275435764352+0j)
YZZI	(-0.08307169285008495+0j)
YZZX	(0.2969365054768883+0j)
YZZY	(-0.07045895445530082+0j)
YZZZ	(-0.20870312149865736+0j)
ZIII	(0.1315990617233594+0j)
ZIIX	(-0.18189907782145465+0j)
ZIIY	(-0.25897596805996426+0j)
ZIIZ	(-0.09562018246238628+0j)
ZIXI	(-0.19493177854521798+0j)
ZIXX	(0.06649631071882645+0j)
ZIXY	(-0.009304164916506444+0j)
ZIXZ	(0.048302275946526876+0j)
ZIYI	(-0.04474004023281436+0j)
ZIYX	(0.02859171416012858+0j)
ZIYY	(0.10627128343539954+0j)
ZIYZ	(-0.21021060718292556+0j)
ZIZI	(0.29110269537363276+0j)
ZIZX	(0.14258528860899755+0j)
ZIZY	(0.19237835112532697+0j)
ZIZZ	(0.054487371413002125+0j)
ZXII	(0.13044721916120675+0j)
ZXIX	(0.05303664448570508+0j)
ZXIY	(-0.0929295702271573+0j)
ZXIZ	(0.06566750912288355+0j)
ZXXI	(0.011581712723567172+0j)
ZXXX	(0.0726033979159037+0j)
ZXXY	(-0.058763055131681854+0j)
ZXXZ	(-0.051785607955137425+0j)
ZXYI	(0.06332819171180064+0j)
ZXYX	(0.036565168536562456-6.938893903907228e-18j)
ZXYY	(-0.148428822494012+0j)
ZXYZ	(-0.09647443674260535+0j)
ZXZI	(-0.0889573386186838+0j)
ZXZX	(0.01139117236324852+0j)
ZXZY	(0.05293641471455125+0j)
ZXZZ	(-0.01699069576908696+0j)
ZYII	(0.22107622268469657+0j)
ZYIX	(-0.03161406955603273+0j)
ZYIY	(0.09997155329215723+0j)
ZYIZ	(-0.12148606352298505+0j)
ZYXI	(0.23837354379912296+0j)
ZYXX	(-0.0048193675151586984+1.3877787807814457e-17j)
ZYXY	(0.1259730986356838+0j)
ZYXZ	(0.11686065212091482+0j)
ZYYI	(-0.07957027883669301+0j)
ZYYX	(-0.19297254641921668+0j)
ZYYY	(-0.04329218001894879+1.3877787807814457e-17j)
ZYYZ	(0.09309270959325497+1.3877787807814457e-17j)
ZYZI	(-0.08240194939242322+0j)
ZYZX	(-0.0006805664792469551+0j)
ZYZY	(-0.036364761359263253+0j)
ZYZZ	(-0.0678516815680632+0j)
ZZII	(-0.17270644391892243+0j)
ZZIX	(-0.1410811058262434+0j)
ZZIY	(-0.13161483083436598+0j)
ZZIZ	(-0.004492744776643173+0j)
ZZXI	(-0.11372670028371415+0j)
ZZXX	(0.045570113264915446+0j)
ZZXY	(0.11499948900618574+0j)
ZZXZ	(-0.08172776718286831+0j)
ZZYI	(0.053990736776193024+0j)
ZZYX	(-0.12405415034232871+0j)
ZZYY	(-0.014326474950371454+0j)
ZZYZ	(0.14607711126074074+0j)
ZZZI	(0.022532764425976917+0j)
ZZZX	(-0.2001348692950829+0j)
ZZZY	(-0.12198633983450007+0j)
ZZZZ	(0.03544134803105038+0j)
",2189.8064317703247,3328,3009,13,-4.838575957008831
1,"IIIX	(1.1733701188381822+0j)
IIIY	(0.08433692371459708+0j)
IIIZ	(-0.0076572986436202195+0j)
IIXI	(0.749999906827991+0j)
IIXX	(1.2534126766824203+0j)
IIXY	(0.24436249900416138+0j)
IIXZ	(0.05241878032369357+0j)
IIYI	(-0.1635714936475126+0j)
IIYX	(-0.04444279183326208+0j)
IIYY	(0.11362212222903711+0j)
IIYZ	(0.18516711346285042+0j)
IIZI	(0.12770954577000948+0j)
IIZX	(-0.09263061589966981+0j)
IIZY	(0.031015314437962432+0j)
IIZZ	(-0.10388204875614107+0j)
IXII	(1.1453659466386474+0j)
IXIX	(1.1578342265245298+0j)
IXIY	(0.24793086811010856+0j)
IXIZ	(-0.045601963336392326+0j)
IXXI	(1.1089157563195542+0j)
IXXX	(1.222119831575463+0j)
IXXY	(0.05136163655863758-5.551115123125783e-17j)
IXXZ	(-0.06386558946358678+0j)
IXYI	(0.11027961574050954+0j)
IXYX	(-0.2213846216628106+0j)
IXYY	(0.03241358893904561+0j)
IXYZ	(0.0028298223435453407+0j)
IXZI	(0.07969088401490021+0j)
IXZX	(0.062458299589148725+0j)
IXZY	(0.08967689466557908+0j)
IXZZ	(-0.07926690424492988+0j)
IYII	(-0.1184149026390959+0j)
IYIX	(0.12288247304142279+2.7755575615628914e-17j)
IYIY	(0.1233134960682774+0j)
IYIZ	(-0.13491140200341692+0j)
IYXI	(0.11937213708484704-1.3877787807814457e-17j)
IYXX	(-0.06437954617887749+0j)
IYXY	(0.0711758912033756+0j)
IYXZ	(-0.14613756261728558+1.3877787807814457e-17j)
IYYI	(-0.003157347368536942+0j)
IYYX	(-0.18098743383707777+4.163336342344337e-17j)
IYYY	(0.3633719338941822+0j)
IYYZ	(0.08813752235357684+0j)
IYZI	(0.15371601323510112+0j)
IYZX	(0.07686404673448156+2.7755575615628914e-17j)
IYZY	(0.40613653132802047+0j)
IYZZ	(0.17989944420724333+0j)
IZII	(0.009700385079724774+0j)
IZIX	(0.02649674147000089+0j)
IZIY	(-0.04571836195271545+0j)
IZIZ	(-0.08372994196419152+0j)
IZXI	(0.003766836795829384+0j)
IZXX	(0.16815567279719984+0j)
IZXY	(-0.021734581785240584+0j)
IZXZ	(0.06227923930199032+0j)
IZYI	(-0.23713484561703113+0j)
IZYX	(-0.059913063969796884+0j)
IZYY	(-0.132474930580315+0j)
IZYZ	(-0.005656464902078703+0j)
IZZI	(0.0006569238792917403+0j)
IZZX	(-0.10709153445925482+0j)
IZZY	(0.040412657659317675+0j)
IZZZ	(0.04535816176829817+0j)
XIII	(1.0232268524632613+0j)
XIIX	(1.1719912486300628+0j)
XIIY	(0.4248289194006847-5.551115123125783e-17j)
XIIZ	(-0.06672187122722362+0j)
XIXI	(0.8345456256717352+0j)
XIXX	(0.908952339577684+0j)
XIXY	(0.08443713236491303+0j)
XIXZ	(-0.1179624127459189+0j)
XIYI	(-0.07547967157789141+0j)
XIYX	(-0.002639240663782058+0j)
XIYY	(-0.1321003722571259+0j)
XIYZ	(-0.09155698669623587+0j)
XIZI	(0.1671457977577675+0j)
XIZX	(0.11344708850630547+0j)
XIZY	(-0.022360072869259007-5.551115123125783e-17j)
XIZZ	(0.039093610766958053+0j)
XXII	(0.9652393665752391+0j)
XXIX	(1.12823460081959+0j)
XXIY	(-0.014938923670032453+0j)
XXIZ	(0.10145753773900545+0j)
XXXI	(0.6448911282130808-1.3877787807814457e-17j)
XXXX	(1.0288865411385968+2.7755575615628914e-17j)
XXXY	(-0.09856694508425015+2.7755575615628914e-17j)
XXXZ	(-0.022960527002875097-1.3877787807814457e-17j)
XXYI	(0.14578390351631193+0j)
XXYX	(0.13870975613169448+0j)
XXYY	(-0.09893117730660375+1.3877787807814457e-17j)
XXYZ	(0.16149420988916885+0j)
XXZI	(-0.09243708309101117+0j)
XXZX	(0.09803332039116952+0j)
XXZY	(-0.13510486694009993+0j)
XXZZ	(-0.1246972449275916+0j)
XYII	(-0.30506168965347447+0j)
XYIX	(0.2283347281105398+6.938893903907228e-18j)
XYIY	(0.03349731490199436+1.3877787807814457e-17j)
XYIZ	(0.06939081322019211+0j)
XYXI	(-0.30322726428318014+6.938893903907228e-18j)
XYXX	(0.21630976103318156+0j)
XYXY	(0.06707277128048317+0j)
XYXZ	(-0.0013249060466264811-6.938893903907228e-18j)
XYYI	(-0.04434713654446185+0j)
XYYX	(-0.21699729258938305+0j)
XYYY	(0.023985998811180173-6.938893903907228e-18j)
XYYZ	(-0.03442982174165073-1.3877787807814457e-17j)
XYZI	(0.04464207616589355+0j)
XYZX	(0.10459015723858879-6.938893903907228e-18j)
XYZY	(0.034598013630691156+1.3877787807814457e-17j)
XYZZ	(0.08483756344877147+0j)
XZII	(-0.06976545316126907+0j)
XZIX	(-0.030633126422195733+0j)
XZIY	(-0.2896296444349814+0j)
XZIZ	(-0.10606803544536271+0j)
XZXI	(-0.05546169623656029+0j)
XZXX	(-0.011333958761060525-1.3877787807814457e-17j)
XZXY	(0.09624902925194094+0j)
XZXZ	(0.21523446466391172+0j)
XZYI	(0.25253964983766986-1.3877787807814457e-17j)
XZYX	(0.2236401222518074+0j)
XZYY	(0.2615546437136453+1.3877787807814457e-17j)
XZYZ	(0.05002129057725112-1.3877787807814457e-17j)
XZZI	(-0.05164652791784914+0j)
XZZX	(0.03807362756080368+0j)
XZZY	(-0.04005469123551911+0j)
XZZZ	(-0.22049246158025704+0j)
YIII	(-0.13785650416419493+0j)
YIIX	(-0.033126918457678914+0j)
YIIY	(-0.047789763651853834+0j)
YIIZ	(-0.1810396543149187-2.7755575615628914e-17j)
YIXI	(-0.2066060605131908+0j)
YIXX	(0.05421879671209971-2.0816681711721685e-17j)
YIXY	(0.14385494604906446+0j)
YIXZ	(0.2045822967816468-2.7755575615628914e-17j)
YIYI	(0.1941575125520531+0j)
YIYX	(0.06789929532112526+0j)
YIYY	(0.1328399536129008+1.3877787807814457e-17j)
YIYZ	(-0.07770245447889004+0j)
YIZI	(0.0880934575163796+0j)
YIZX	(0.010109332926255585+0j)
YIZY	(0.02735239642719789+0j)
YIZZ	(0.2410156420998606-2.7755575615628914e-17j)
YXII	(-0.02119638700481915-6.938893903907228e-18j)
YXIX	(0.05545616252229762+6.938893903907228e-18j)
YXIY	(-0.0955216695265032+6.938893903907228e-18j)
YXIZ	(0.040622312704253025-6.938893903907228e-18j)
YXXI	(-0.19498551201711822+1.3877787807814457e-17j)
YXXX	(0.20197006217602442-1.3877787807814457e-17j)
YXXY	(0.10876203377519944+1.3877787807814457e-17j)
YXXZ	(0.35714552997803595+0j)
YXYI	(0.022691358453776872+0j)
YXYX	(-0.13300431056429152-1.3877787807814457e-17j)
YXYY	(0.08066092955120528-2.0816681711721685e-17j)
YXYZ	(0.2624665207395269+0j)
YXZI	(0.010365386909316536-6.938893903907228e-18j)
YXZX	(-0.14870975613514134-6.938893903907228e-18j)
YXZY	(0.005250179216404034+6.938893903907228e-18j)
YXZZ	(-0.22892067637695485-6.938893903907228e-18j)
YYII	(-0.06730826111645961+0j)
YYIX	(0.07749502077049741+0j)
YYIY	(0.22889354351091262+6.938893903907228e-18j)
YYIZ	(0.17752446545106082+0j)
YYXI	(-0.008710039130163237+0j)
YYXX	(-0.08130783091795671+0j)
YYXY	(0.10150562464306527+0j)
YYXZ	(0.17135878074152133+0j)
YYYI	(-0.01499872375886506-6.938893903907228e-18j)
YYYX	(-0.00579407613182302-6.938893903907228e-18j)
YYYY	(0.1488217465446196+0j)
YYYZ	(-0.012068734573426651+0j)
YYZI	(-0.15879346730758187+0j)
YYZX	(0.07812394529221067+0j)
YYZY	(0.09544185910884638-6.938893903907228e-18j)
YYZZ	(-0.08713810085901207+0j)
YZII	(-0.07123676909917855+0j)
YZIX	(-0.05702257361503828+0j)
YZIY	(0.03405493302712159+0j)
YZIZ	(0.35517554949418517+0j)
YZXI	(0.07077143298742795-1.3877787807814457e-17j)
YZXX	(-0.16054563311322914+0j)
YZXY	(-0.017849074385034185+0j)
YZXZ	(0.04946984825855448+0j)
YZYI	(0.18726101117736943+0j)
YZYX	(-0.13556551965704572-2.7755575615628914e-17j)
YZYY	(-0.2882746491834164-6.938893903907228e-18j)
YZYZ	(0.05713170420810765+0j)
YZZI	(0.1436145537142992+0j)
YZZX	(0.055392452567769965+0j)
YZZY	(0.15568698586923768+0j)
YZZZ	(0.002709908040842701+0j)
ZIII	(-0.137930296491323+0j)
ZIIX	(-0.082472213276989+0j)
ZIIY	(0.00046749923498928814+0j)
ZIIZ	(-0.12701243871512122+0j)
ZIXI	(-0.10083234848470689+0j)
ZIXX	(-0.14901822632504416+0j)
ZIXY	(0.005522988153839906+0j)
ZIXZ	(0.020017674878585703+0j)
ZIYI	(0.24627269213520162+0j)
ZIYX	(-0.08231684703029636+0j)
ZIYY	(-0.10286785950597652+0j)
ZIYZ	(0.038547338539985904+0j)
ZIZI	(-0.17055710685559283+0j)
ZIZX	(0.10128621859944326+0j)
ZIZY	(0.19255258210526194+0j)
ZIZZ	(-0.05784628255197269+0j)
ZXII	(-0.17033222412570476+0j)
ZXIX	(-0.028917543918241084+0j)
ZXIY	(-0.1648318342729948+0j)
ZXIZ	(-0.030936489710953988+0j)
ZXXI	(-0.2420106831215676+0j)
ZXXX	(0.17305362416868225+0j)
ZXXY	(0.20057087575069354+0j)
ZXXZ	(0.017655768128641947+0j)
ZXYI	(0.03952417901734073+0j)
ZXYX	(-0.06529623325120283+0j)
ZXYY	(-0.1378319705269609+0j)
ZXYZ	(-0.38891623035511186+0j)
ZXZI	(0.36815374047756416+0j)
ZXZX	(-0.13621860672100428+0j)
ZXZY	(0.023617796723394827+0j)
ZXZZ	(-0.097595666933299+0j)
ZYII	(0.026236430126364188+0j)
ZYIX	(0.13170854971201437+1.3877787807814457e-17j)
ZYIY	(0.34465538482063035+0j)
ZYIZ	(0.0005617999336896135+0j)
ZYXI	(-0.08522524236026566+0j)
ZYXX	(-0.011440521699312686+6.938893903907228e-18j)
ZYXY	(-0.10605884350812744+0j)
ZYXZ	(0.06710900850252724+0j)
ZYYI	(0.2108954208199562+0j)
ZYYX	(0.05209944444360901+0j)
ZYYY	(0.12183595337517604-6.938893903907228e-18j)
ZYYZ	(-0.11268315536422654+0j)
ZYZI	(0.05743742074030049+0j)
ZYZX	(-0.20455349933408443+1.3877787807814457e-17j)
ZYZY	(0.0640248942792086+0j)
ZYZZ	(0.10413393517651519+0j)
ZZII	(-0.04132221650749679+0j)
ZZIX	(-0.009918290366391025+0j)
ZZIY	(-0.38365242693561635+0j)
ZZIZ	(-0.2431189567492804+0j)
ZZXI	(0.18159907010184845+0j)
ZZXX	(0.11764507650810802+0j)
ZZXY	(-0.10422622294760202+0j)
ZZXZ	(-0.060993861008705144+0j)
ZZYI	(-0.006864233707803244+0j)
ZZYX	(-0.04993198862469701+0j)
ZZYY	(-0.2756559726814128+0j)
ZZYZ	(0.019201189209970618+0j)
ZZZI	(0.1889259515699324+0j)
ZZZX	(0.21300253287431437+0j)
ZZZY	(-0.12994237191442387+0j)
ZZZZ	(-0.06990641181607447+0j)
",2537.266422510147,3328,3539,13,-4.884346569540135
2,"IIIX	(0.8938643481804642+0j)
IIIY	(-0.06354391362778418+0j)
IIIZ	(0.3100371853632805+0j)
IIXI	(1.0304540076540885+0j)
IIXX	(0.8736913150634158+0j)
IIXY	(0.24231237464015892+0j)
IIXZ	(-0.12543209888836832+0j)
IIYI	(-0.03343363213974597+0j)
IIYX	(0.09740148602839728+0j)
IIYY	(-0.14188612735843792+0j)
IIYZ	(-0.10528847068383011+0j)
IIZI	(-0.07726397167779409+0j)
IIZX	(0.1408356121223091+0j)
IIZY	(0.10161561851270888+0j)
IIZZ	(0.16251264774524354+0j)
IXII	(1.0326812226682334+0j)
IXIX	(1.0588947292989581+0j)
IXIY	(-0.20655807939305293-2.7755575615628914e-17j)
IXIZ	(0.12772441064110576+0j)
IXXI	(0.962390984281343+0j)
IXXX	(1.1798622879298475+0j)
IXXY	(-0.11688435208926289-2.7755575615628914e-17j)
IXXZ	(0.025208984999428474+0j)
IXYI	(0.07619590493287028+0j)
IXYX	(0.0030100803186633024+0j)
IXYY	(0.2722536402615363+0j)
IXYZ	(-0.043962198354997+0j)
IXZI	(-0.06614522027359526+0j)
IXZX	(0.10382604662818606+0j)
IXZY	(-0.010699097098379337+2.7755575615628914e-17j)
IXZZ	(-0.20614935232907536+0j)
IYII	(-0.006302183418237503+0j)
IYIX	(0.07800249079444659+6.938893903907228e-18j)
IYIY	(0.049758122183054254+0j)
IYIZ	(0.04275423081253875+0j)
IYXI	(0.10315579390529116+0j)
IYXX	(-0.33022769020606507+0j)
IYXY	(-0.10117944470673293+0j)
IYXZ	(-0.14408617155267694+0j)
IYYI	(-0.11236630545691767+0j)
IYYX	(-0.2945903661621153+0j)
IYYY	(-0.06368922151357698+0j)
IYYZ	(0.05799426426341692+0j)
IYZI	(0.06098638897663032+0j)
IYZX	(0.08765371202345475-6.938893903907228e-18j)
IYZY	(0.20516232133376044+0j)
IYZZ	(-0.021681289701441328+0j)
IZII	(0.14586214099729486+0j)
IZIX	(0.1943617839237226+0j)
IZIY	(0.028754600344630538+0j)
IZIZ	(0.07890511644057985+0j)
IZXI	(-0.13809030234622102+0j)
IZXX	(0.08805324235500984+0j)
IZXY	(0.10904017539736602+0j)
IZXZ	(0.04392232941624849+0j)
IZYI	(-0.09526750891736527+0j)
IZYX	(-0.024217908557395418+0j)
IZYY	(0.12651620687789572+0j)
IZYZ	(-0.2546568173231384+0j)
IZZI	(-0.10782490770943334+0j)
IZZX	(0.16572071009128825+0j)
IZZY	(-0.11838747282237022+0j)
IZZZ	(-0.05777789991289051+0j)
XIII	(1.0781112584195227+0j)
XIIX	(0.7983015442237537+1.3877787807814457e-17j)
XIIY	(-0.27695556819269385+0j)
XIIZ	(0.280915055581217+0j)
XIXI	(1.1349433499139359+0j)
XIXX	(1.047459744828469+0j)
XIXY	(0.051307514947660934-2.7755575615628914e-17j)
XIXZ	(0.09265056636907232+0j)
XIYI	(0.03919550472785917+0j)
XIYX	(-0.07455821325964175-1.1102230246251565e-16j)
XIYY	(0.11639176964216955+0j)
XIYZ	(-0.0012033214499066885+0j)
XIZI	(-0.09324919439175994+0j)
XIZX	(0.08457326151922906-1.3877787807814457e-17j)
XIZY	(0.11066076150162683+0j)
XIZZ	(0.009184017951221923+0j)
XXII	(1.0456849301574227+0j)
XXIX	(1.0520575593733659+6.938893903907228e-18j)
XXIY	(0.09591178748145895+0j)
XXIZ	(0.3276627361482949+0j)
XXXI	(1.1034993881358175+0j)
XXXX	(0.9552451306268259+0j)
XXXY	(0.11096626966294418+2.7755575615628914e-17j)
XXXZ	(0.003249548803507085+0j)
XXYI	(0.12386824114658034+0j)
XXYX	(0.0875106290625634+0j)
XXYY	(0.053218241223441404+0j)
XXYZ	(-0.020757472187139095+5.551115123125783e-17j)
XXZI	(-0.30700099438247663+0j)
XXZX	(0.21135486545821747+6.938893903907228e-18j)
XXZY	(0.1132172868763977+0j)
XXZZ	(0.21912963311096334+0j)
XYII	(-0.18793555631310624+0j)
XYIX	(0.07433209692374762-1.3877787807814457e-17j)
XYIY	(-0.06825851582017117+0j)
XYIZ	(-0.036955986615601996+0j)
XYXI	(-0.11896906962282539+0j)
XYXX	(-0.05671934126236536+1.3877787807814457e-17j)
XYXY	(-0.027218430536962032+0j)
XYXZ	(0.1416254670217514+0j)
XYYI	(-0.15376227737645465-1.3877787807814457e-17j)
XYYX	(-0.11320582507627888+0j)
XYYY	(0.14155443603446444+0j)
XYYZ	(-0.1493956976801598+2.7755575615628914e-17j)
XYZI	(-0.2467748961547925+0j)
XYZX	(-0.2900956906611377-1.3877787807814457e-17j)
XYZY	(-0.04111052716542521+0j)
XYZZ	(-0.02262694005781417+0j)
XZII	(-0.02138038109654776-6.938893903907228e-18j)
XZIX	(-0.06601319015289403+0j)
XZIY	(-0.03394541529289914+6.938893903907228e-18j)
XZIZ	(-0.15695146783709724+6.938893903907228e-18j)
XZXI	(0.216352539485687+0j)
XZXX	(-0.08789560020323332+0j)
XZXY	(-0.06500646730129446+0j)
XZXZ	(-0.030410320845683805+0j)
XZYI	(0.008621373608199409-1.3877787807814457e-17j)
XZYX	(-0.0776994135855746+0j)
XZYY	(-0.07928824814135359+0j)
XZYZ	(-0.17530395863062243+1.3877787807814457e-17j)
XZZI	(-0.03648306017738044-6.938893903907228e-18j)
XZZX	(-0.07103541428452839+0j)
XZZY	(-0.020908238680248784-6.938893903907228e-18j)
XZZZ	(0.10276922391150627+6.938893903907228e-18j)
YIII	(-0.10873914549566042+2.0816681711721685e-17j)
YIIX	(0.054292016884409336+6.938893903907228e-18j)
YIIY	(-0.2631590825220404+0j)
YIIZ	(-0.042659589364527475+6.938893903907228e-18j)
YIXI	(-0.09129271304775817-1.3877787807814457e-17j)
YIXX	(-0.24952166739004758+0j)
YIXY	(0.32912437308733306+0j)
YIXZ	(0.13159242540825444-1.3877787807814457e-17j)
YIYI	(0.19260364425688004+0j)
YIYX	(0.16304028280923108+0j)
YIYY	(0.061201785457749985+5.551115123125783e-17j)
YIYZ	(-0.16913278658536746+0j)
YIZI	(0.07134046943692572+2.0816681711721685e-17j)
YIZX	(-0.20405578213250075+6.938893903907228e-18j)
YIZY	(0.15717457209208094+0j)
YIZZ	(-0.10500800896275007+6.938893903907228e-18j)
YXII	(0.18489477468062743+1.3877787807814457e-17j)
YXIX	(0.2057015849895043-6.938893903907228e-18j)
YXIY	(0.20953215962120642+0j)
YXIZ	(-0.03325318616071153+1.3877787807814457e-17j)
YXXI	(-0.04498005763896572-2.7755575615628914e-17j)
YXXX	(0.19463736990573335+2.0816681711721685e-17j)
YXXY	(-0.032850227634650446+0j)
YXXZ	(-0.13059771039275886+1.3877787807814457e-17j)
YXYI	(-0.05081939946035835+0j)
YXYX	(0.01999701972325555+0j)
YXYY	(0.008931305247709742+6.938893903907228e-18j)
YXYZ	(-0.03118038315960163+0j)
YXZI	(0.005339785924592763+1.3877787807814457e-17j)
YXZX	(-0.18735495277875275+6.938893903907228e-18j)
YXZY	(0.29948851745485217+0j)
YXZZ	(0.16097754178620827+1.3877787807814457e-17j)
YYII	(0.15346469880864644+0j)
YYIX	(-0.16212813024257033+0j)
YYIY	(0.1228191637085129+0j)
YYIZ	(-0.012017187883681335+0j)
YYXI	(0.1018563708259537+0j)
YYXX	(0.1865621151473246+0j)
YYXY	(-0.23226379370563122+2.7755575615628914e-17j)
YYXZ	(-0.12755154703551008+0j)
YYYI	(-0.05551281423779604+6.938893903907228e-18j)
YYYX	(-0.04379984987668485+0j)
YYYY	(-0.17401514144378788+0j)
YYYZ	(0.1229053499146932-1.3877787807814457e-17j)
YYZI	(0.0021499967983914375+0j)
YYZX	(-0.07428217405488306+0j)
YYZY	(0.05753255449539821+0j)
YYZZ	(0.30225775027518165+0j)
YZII	(0.13551292490807362+0j)
YZIX	(-0.03599022184572316+0j)
YZIY	(-0.09154837117761885+0j)
YZIZ	(-0.34722553256793276+0j)
YZXI	(-0.042499319205404215+0j)
YZXX	(0.1597425113146232+0j)
YZXY	(0.02712020891602715+0j)
YZXZ	(-0.09971995809681554+0j)
YZYI	(0.010465186856348535+0j)
YZYX	(0.004700316544884536+0j)
YZYY	(0.06208490358481507+0j)
YZYZ	(-0.020320968085108776+0j)
YZZI	(0.10404611540062347+0j)
YZZX	(-0.06346023469517827+1.3877787807814457e-17j)
YZZY	(0.046451149776263044+0j)
YZZZ	(-0.0649810063019014+0j)
ZIII	(-0.05953621722099864+0j)
ZIIX	(-0.028839070011348902+0j)
ZIIY	(-0.1652521462225835+0j)
ZIIZ	(-0.15373476299275343+0j)
ZIXI	(0.016699292844023314+0j)
ZIXX	(-0.1355061247622783+0j)
ZIXY	(-0.1442575651634772+0j)
ZIXZ	(0.08322360986913817+0j)
ZIYI	(-0.09695193279351465+0j)
ZIYX	(0.10722800649188612+0j)
ZIYY	(-0.12003395360066582+0j)
ZIYZ	(0.02172587442204356+0j)
ZIZI	(0.12916762121731815+0j)
ZIZX	(-0.015251443012683705+0j)
ZIZY	(0.2761197974613235+0j)
ZIZZ	(0.06411595758187175+0j)
ZXII	(0.14311307324260644+0j)
ZXIX	(-0.008224596896744985+0j)
ZXIY	(-0.08266155765472434+0j)
ZXIZ	(0.058462090051847326+0j)
ZXXI	(-0.3554960900068096+2.7755575615628914e-17j)
ZXXX	(0.06451385350143193+0j)
ZXXY	(-0.03963968058666702-6.938893903907228e-18j)
ZXXZ	(0.18751219122376236+0j)
ZXYI	(0.24890790779139224+0j)
ZXYX	(0.12677298065591153-6.938893903907228e-18j)
ZXYY	(0.11629354893651853+0j)
ZXYZ	(0.19356523315238422+0j)
ZXZI	(-0.2483720425008691+0j)
ZXZX	(-0.042599292006366474+0j)
ZXZY	(0.056880971853019394+0j)
ZXZZ	(0.060546645043564995+0j)
ZYII	(0.2387834288395323+0j)
ZYIX	(0.013627398480551375+2.0816681711721685e-17j)
ZYIY	(-0.19812777063652698+0j)
ZYIZ	(-0.1100283425128409+0j)
ZYXI	(-0.19228518533651134+0j)
ZYXX	(-0.07691193026908576+6.938893903907228e-18j)
ZYXY	(-0.056374578993769194+0j)
ZYXZ	(0.1365348609765354+0j)
ZYYI	(0.10675520556664636+0j)
ZYYX	(0.07815824468675286+0j)
ZYYY	(-0.01187938544619195-6.938893903907228e-18j)
ZYYZ	(-0.08628219053521147+0j)
ZYZI	(0.02778350762187244+0j)
ZYZX	(0.04234511716378604+6.938893903907228e-18j)
ZYZY	(-0.1853224920104377+0j)
ZYZZ	(-0.18405508981737972+0j)
ZZII	(-0.0495329195936091+0j)
ZZIX	(-0.10741002773441424+0j)
ZZIY	(0.05295157987850818+0j)
ZZIZ	(0.10516661112876835+0j)
ZZXI	(0.06013765653171932+0j)
ZZXX	(0.01006365023037302+0j)
ZZXY	(-0.027145146310172563+0j)
ZZXZ	(0.016617104613064093+0j)
ZZYI	(-0.10216123473945374+0j)
ZZYX	(-0.01907136157815162+0j)
ZZYY	(-0.03961687213738764+0j)
ZZYZ	(-0.049850542360689726+0j)
ZZZI	(-0.25542164046528526+0j)
ZZZX	(-0.02346050364538524+0j)
ZZZY	(0.03966153417639298+0j)
ZZZZ	(-0.15554214950608536+0j)
",2188.6094057559967,3328,2644,13,-4.64441845634632
3,"IIIX	(0.9118184516631942+0j)
IIIY	(0.1437720135130318+0j)
IIIZ	(-0.12492308548381764+0j)
IIXI	(1.2190039933851027+0j)
IIXX	(0.9632016770261427+0j)
IIXY	(0.11246106483903856+0j)
IIXZ	(0.3312931546593571+0j)
IIYI	(0.27572285395214136+0j)
IIYX	(-0.1308287146260172+0j)
IIYY	(-0.05324780999474393+0j)
IIYZ	(0.009716823015432752+0j)
IIZI	(0.13428660595666297+0j)
IIZX	(-0.09240046743861474+0j)
IIZY	(0.09371330460214766+0j)
IIZZ	(0.021965177637885136+0j)
IXII	(0.7454192197795182+0j)
IXIX	(0.9126012688359374-6.938893903907228e-18j)
IXIY	(0.12353791215873267-2.7755575615628914e-17j)
IXIZ	(0.06231489497633419+0j)
IXXI	(0.9825533677463724+0j)
IXXX	(1.0686231033321736+0j)
IXXY	(-0.1278547401848352+0j)
IXXZ	(0.040926139698831965+0j)
IXYI	(-0.17037113239051263+0j)
IXYX	(-0.07393783572787407+0j)
IXYY	(0.10126208100507117+0j)
IXYZ	(-0.1319343963796071+0j)
IXZI	(0.07245048244545393+0j)
IXZX	(-0.028588460209644118-6.938893903907228e-18j)
IXZY	(-0.186606180766534-2.7755575615628914e-17j)
IXZZ	(0.05629854964046854+0j)
IYII	(0.10694977423095148+0j)
IYIX	(-0.08141862923171156+0j)
IYIY	(0.008399870127522094-1.3877787807814457e-17j)
IYIZ	(0.1439922633356856+0j)
IYXI	(0.0436219273290267+0j)
IYXX	(-0.1569393500018726+0j)
IYXY	(-0.073677061061123+0j)
IYXZ	(-0.006969897815221671+0j)
IYYI	(0.11497217007729768+0j)
IYYX	(-0.2832451255921106+0j)
IYYY	(-0.21115806636251322+0j)
IYYZ	(0.06052414333928424+0j)
IYZI	(0.01045505931929433+0j)
IYZX	(-0.3208653471826958+0j)
IYZY	(-0.17947234101925164-1.3877787807814457e-17j)
IYZZ	(0.013734159196254397+0j)
IZII	(0.032620908521850844+0j)
IZIX	(-0.19407589906712486+0j)
IZIY	(-0.0181707420773327+0j)
IZIZ	(-0.2898228313107315+0j)
IZXI	(-0.0007702483556058376+0j)
IZXX	(0.08510444938260633+0j)
IZXY	(-0.02714216250833537+0j)
IZXZ	(-0.22611293287021267+0j)
IZYI	(-0.08328744616876037+0j)
IZYX	(-0.20811260863243644+0j)
IZYY	(0.026353200040762248+0j)
IZYZ	(0.08825681251289623+0j)
IZZI	(-0.3206523369982708+0j)
IZZX	(0.3152539240788953+0j)
IZZY	(-0.05570086127224862+0j)
IZZZ	(-0.2025610409497891+0j)
XIII	(0.8804051776733842+0j)
XIIX	(1.001090823985725+0j)
XIIY	(0.0920671363366317-5.551115123125783e-17j)
XIIZ	(-0.08695508035684493+0j)
XIXI	(0.8158099549251248+6.938893903907228e-18j)
XIXX	(1.0931625864975034+0j)
XIXY	(0.07554318335984297+0j)
XIXZ	(0.09892795760115988+0j)
XIYI	(-0.005801639416068573-5.551115123125783e-17j)
XIYX	(0.18875850926875434+0j)
XIYY	(0.032612705922241525+0j)
XIYZ	(-0.15338588465006125+2.7755575615628914e-17j)
XIZI	(-0.047635613065585614+0j)
XIZX	(-0.22277078710584736+0j)
XIZY	(0.04799284458090604+5.551115123125783e-17j)
XIZZ	(0.022209053656476158+0j)
XXII	(0.8412261637334156+0j)
XXIX	(0.8073527503301936+0j)
XXIY	(-0.06439023694151577-2.7755575615628914e-17j)
XXIZ	(0.13481277521591337+0j)
XXXI	(0.9537650807857911-6.938893903907228e-18j)
XXXX	(0.7666771509338979+0j)
XXXY	(-0.15742389352608213+2.7755575615628914e-17j)
XXXZ	(0.027907562978378347-6.938893903907228e-18j)
XXYI	(0.10241469674231402-5.551115123125783e-17j)
XXYX	(-0.21305983283873062+0j)
XXYY	(-0.10016025243797169+0j)
XXYZ	(-0.0109245250315547+2.7755575615628914e-17j)
XXZI	(0.10702341919539371+0j)
XXZX	(-0.22504706923713713+0j)
XXZY	(0.23743086097523106-2.7755575615628914e-17j)
XXZZ	(-0.0032971503887051223+0j)
XYII	(0.11846951080681893+0j)
XYIX	(-0.052819711088142485+6.938893903907228e-18j)
XYIY	(-0.13219014344021535+0j)
XYIZ	(0.10941602279047528+0j)
XYXI	(-0.05683700872353718-2.7755575615628914e-17j)
XYXX	(-0.07166102550129635+0j)
XYXY	(0.07846283986126197+0j)
XYXZ	(-0.2033203254824381+2.7755575615628914e-17j)
XYYI	(0.2181316218572106+0j)
XYYX	(0.047423585442697175+0j)
XYYY	(-0.05348325643286603-1.3877787807814457e-17j)
XYYZ	(-0.2087639953886076+0j)
XYZI	(-0.15945212838870132+0j)
XYZX	(-0.27891240216921376-6.938893903907228e-18j)
XYZY	(0.10891461370015941+0j)
XYZZ	(-0.02756839133141538+0j)
XZII	(-0.11085148109224513+0j)
XZIX	(0.06877766892135992+0j)
XZIY	(-0.08102289831943414+2.0816681711721685e-17j)
XZIZ	(0.1791431263041809+0j)
XZXI	(-0.2281708379373028+0j)
XZXX	(-0.10541214355437423+0j)
XZXY	(0.06265348020071115+0j)
XZXZ	(0.11132472194892555+0j)
XZYI	(-0.13282682160275314+0j)
XZYX	(0.03856725095678615+0j)
XZYY	(-0.21437519690722728+0j)
XZYZ	(0.07816369486587965+0j)
XZZI	(0.4021292340045753+0j)
XZZX	(-0.053146711965677725+0j)
XZZY	(0.025582914057304326-6.938893903907228e-18j)
XZZZ	(0.02309760531352424+0j)
YIII	(-0.06439877517584186-6.938893903907228e-18j)
YIIX	(-0.15209393038718916+6.938893903907228e-18j)
YIIY	(-0.21033578222328936-1.3877787807814457e-17j)
YIIZ	(0.3564041298805394+6.938893903907228e-18j)
YIXI	(-0.015156276800172813+0j)
YIXX	(0.09358905115275429+0j)
YIXY	(0.009224669219692179+0j)
YIXZ	(-0.13570136618532935+0j)
YIYI	(0.14553084723719753+0j)
YIYX	(-0.181481457061701+0j)
YIYY	(-0.09481158805291678-6.938893903907228e-18j)
YIYZ	(-0.11796551518841045+0j)
YIZI	(-0.3576389637986514-6.938893903907228e-18j)
YIZX	(-0.2713007212870768+6.938893903907228e-18j)
YIZY	(0.10570132707979518-1.3877787807814457e-17j)
YIZZ	(-0.041383094943882814+6.938893903907228e-18j)
YXII	(0.1053607798395439-6.938893903907228e-18j)
YXIX	(0.16940932234300776-1.3877787807814457e-17j)
YXIY	(-0.023173236156877913+0j)
YXIZ	(-0.12466184297073585+6.938893903907228e-18j)
YXXI	(-0.19545804935957561-2.0816681711721685e-17j)
YXXX	(-0.24419176093088074+2.7755575615628914e-17j)
YXXY	(-0.07003703151728936+0j)
YXXZ	(-0.22648408892098643+2.0816681711721685e-17j)
YXYI	(-0.06105828960911907+0j)
YXYX	(-0.1291046562364175+0j)
YXYY	(-0.07956545422854405-1.3877787807814457e-17j)
YXYZ	(0.041440186915071446+0j)
YXZI	(0.03268882333569892+6.938893903907228e-18j)
YXZX	(0.1270524490894142+0j)
YXZY	(-0.07273124024544096+0j)
YXZZ	(0.01709621206779291-6.938893903907228e-18j)
YYII	(-0.03976934097316326+0j)
YYIX	(0.0163067498822473+0j)
YYIY	(0.0612175793310141+0j)
YYIZ	(-0.20199825903317337+0j)
YYXI	(0.08487450501884261+0j)
YYXX	(-0.20027704739365554+0j)
YYXY	(-0.16169879887416178+0j)
YYXZ	(-0.15443454748493207+2.7755575615628914e-17j)
YYYI	(0.22864343854814445+6.938893903907228e-18j)
YYYX	(-0.07419203837641897+0j)
YYYY	(-0.12771287549533045+0j)
YYYZ	(-0.12808482288192394-1.3877787807814457e-17j)
YYZI	(0.0471650077903476+0j)
YYZX	(0.06576271044679656+0j)
YYZY	(0.044246095438898875+0j)
YYZZ	(0.16200406314415566+0j)
YZII	(0.1895520926258482+0j)
YZIX	(-0.0849059274868552+0j)
YZIY	(0.33968394903664445+0j)
YZIZ	(-0.08867510885947784+0j)
YZXI	(0.11025962504948797+1.3877787807814457e-17j)
YZXX	(0.22868824195950563-1.3877787807814457e-17j)
YZXY	(-0.18093839718542148+0j)
YZXZ	(0.31275698670561614+6.938893903907228e-18j)
YZYI	(-0.19133545005921515+1.3877787807814457e-17j)
YZYX	(-0.1487751870524946+0j)
YZYY	(0.04901135986336927-1.3877787807814457e-17j)
YZYZ	(0.11531812402995964+0j)
YZZI	(0.07775006192397299+0j)
YZZX	(0.015021163454592576+0j)
YZZY	(-0.06521712629782042+0j)
YZZZ	(0.24496293695554627+0j)
ZIII	(0.2599301540875695+0j)
ZIIX	(-0.0995574684289104+0j)
ZIIY	(0.23123360980212643+0j)
ZIIZ	(-0.11055103773631098+0j)
ZIXI	(0.14203781283254174+0j)
ZIXX	(0.1256182412707609+0j)
ZIXY	(-0.05566961634389947+0j)
ZIXZ	(-0.23759149241679928+0j)
ZIYI	(-0.22359017159579733+0j)
ZIYX	(0.22352324161869644+0j)
ZIYY	(0.00902705877198512+0j)
ZIYZ	(0.11042536772581721+0j)
ZIZI	(0.12345913614114176+0j)
ZIZX	(-0.0955361622348724+0j)
ZIZY	(0.07280734583308533+0j)
ZIZZ	(-0.1398340343361123+0j)
ZXII	(0.0272379410948728+0j)
ZXIX	(0.0025835324608903046-1.3877787807814457e-17j)
ZXIY	(-0.1841559509075396+6.938893903907228e-18j)
ZXIZ	(0.2969678715722708+0j)
ZXXI	(0.3034334075051107-2.7755575615628914e-17j)
ZXXX	(0.20619962645823586+0j)
ZXXY	(-0.008342331913482645+6.938893903907228e-18j)
ZXXZ	(-0.08224034519095799+2.7755575615628914e-17j)
ZXYI	(0.19953702390204953-2.7755575615628914e-17j)
ZXYX	(-0.2894644066033478+0j)
ZXYY	(-0.07735366807793731-1.3877787807814457e-17j)
ZXYZ	(-0.21869854657635995+6.938893903907228e-18j)
ZXZI	(-0.1351292763026037+0j)
ZXZX	(0.07699438175949244-1.3877787807814457e-17j)
ZXZY	(-0.12127113421467511+6.938893903907228e-18j)
ZXZZ	(0.030707677688764118+0j)
ZYII	(0.03036964492790059+0j)
ZYIX	(-0.0003688560175304362+0j)
ZYIY	(-0.4303134729255322+0j)
ZYIZ	(0.07469537818296643+0j)
ZYXI	(0.1050837123793211-6.938893903907228e-18j)
ZYXX	(-0.00037621451023950314+6.938893903907228e-18j)
ZYXY	(0.09586626785347152+0j)
ZYXZ	(-0.05301940237024813+1.3877787807814457e-17j)
ZYYI	(-0.10327268624938293+0j)
ZYYX	(0.03925554685660213+0j)
ZYYY	(0.09912844449690117+6.938893903907228e-18j)
ZYYZ	(0.1649379685213862+0j)
ZYZI	(0.13058863984490926+0j)
ZYZX	(0.1353651729447215+0j)
ZYZY	(0.1610167622522521+0j)
ZYZZ	(0.062201906018222175+0j)
ZZII	(0.10348237020181292+0j)
ZZIX	(-0.058736417147042766+0j)
ZZIY	(0.14397352671811645+0j)
ZZIZ	(0.1784273159496002+0j)
ZZXI	(0.12158936966520434+0j)
ZZXX	(-0.1423353636230568+0j)
ZZXY	(0.09221547940823516+0j)
ZZXZ	(-0.1964236332548352+0j)
ZZYI	(-0.10626062093194823+0j)
ZZYX	(0.16183062824215877+0j)
ZZYY	(-0.18327871913218038+0j)
ZZYZ	(-0.2317578317126021+0j)
ZZZI	(-0.20850593179235297+0j)
ZZZX	(-0.049108009533617394+0j)
ZZZY	(-0.12055291050194775+0j)
ZZZZ	(-0.1016789784965163+0j)
",1967.5083043575287,3328,2370,13,-4.853838958925083
4,"IIIX	(1.1994577009127803+0j)
IIIY	(-0.18046646137951167+0j)
IIIZ	(-0.15699810927425104+0j)
IIXI	(0.900799323750792+0j)
IIXX	(0.9617969459748523+0j)
IIXY	(0.053060245906550785+0j)
IIXZ	(0.028406528857696012+0j)
IIYI	(0.04830710951226885+0j)
IIYX	(0.13942610468588854+0j)
IIYY	(0.13507917401804065+0j)
IIYZ	(0.08780133952567348+0j)
IIZI	(-0.11745093752208213+0j)
IIZX	(-0.025683449216247656+0j)
IIZY	(0.2090733389236767+0j)
IIZZ	(-0.03726575210564506+0j)
IXII	(0.9412015371629041+0j)
IXIX	(1.0274392525748062+0j)
IXIY	(-0.07501003519272971+0j)
IXIZ	(-0.0024833679660426766+0j)
IXXI	(1.0868885781163227+0j)
IXXX	(0.579480662110663+0j)
IXXY	(0.045040430864537295+0j)
IXXZ	(-0.2750538232880029+0j)
IXYI	(-0.1668435814713225+0j)
IXYX	(-0.0601874795947106+0j)
IXYY	(-0.011283883359473612+0j)
IXYZ	(0.036165587133929464+0j)
IXZI	(-0.12126703737798539+0j)
IXZX	(-0.1452818080900401+0j)
IXZY	(0.01405287742526272+0j)
IXZZ	(0.22375289806281248+0j)
IYII	(-0.11798126503375025+0j)
IYIX	(0.15818982096706502-2.0816681711721685e-17j)
IYIY	(-0.040558892466950346+0j)
IYIZ	(0.04070952366560607+0j)
IYXI	(0.015266625531962771+0j)
IYXX	(-0.047550867396494105-1.3877787807814457e-17j)
IYXY	(-0.1816508659899192-6.938893903907228e-18j)
IYXZ	(0.008881204251527261-2.0816681711721685e-17j)
IYYI	(-0.2324594174661787+0j)
IYYX	(0.09479326122771028+6.938893903907228e-18j)
IYYY	(-0.11985281087593386+0j)
IYYZ	(-0.003465459456762708+0j)
IYZI	(-0.0392125624135998+0j)
IYZX	(-0.04150784944074014+6.938893903907228e-18j)
IYZY	(0.09863695722060883+0j)
IYZZ	(-0.03275336187243097+0j)
IZII	(0.11498031614553314+0j)
IZIX	(0.033710975500645335+0j)
IZIY	(0.20432662693363468+0j)
IZIZ	(0.10082284822662352+0j)
IZXI	(0.19341501833276642+0j)
IZXX	(-0.06050108586920372+0j)
IZXY	(0.013414567813837291+0j)
IZXZ	(0.12312402906374852+0j)
IZYI	(-0.281918442623727+0j)
IZYX	(-0.152769224426635+0j)
IZYY	(-0.010237046951514395+0j)
IZYZ	(0.2795731292164415+0j)
IZZI	(-0.20734678564702944+0j)
IZZX	(0.203030435474157+0j)
IZZY	(0.09728119118814559+0j)
IZZZ	(0.07607644415046616+0j)
XIII	(0.8876506563080324+0j)
XIIX	(1.015200051342031+0j)
XIIY	(-0.1584070618614279+0j)
XIIZ	(0.08708737430145014+0j)
XIXI	(1.0704938708234644+0j)
XIXX	(1.010794672023526+0j)
XIXY	(0.06671994678102577+5.551115123125783e-17j)
XIXZ	(0.2697623932736066+0j)
XIYI	(0.015368719094412842+0j)
XIYX	(0.2631839835913187+0j)
XIYY	(0.024034603340910732+0j)
XIYZ	(-0.11443183273521404+0j)
XIZI	(-0.09636248804809305+0j)
XIZX	(0.026344847776267555+0j)
XIZY	(-0.044139844280119925+0j)
XIZZ	(-0.007453765296342285+0j)
XXII	(0.8437621531051582+6.938893903907228e-18j)
XXIX	(0.9202126523813208+0j)
XXIY	(0.23060668839729764+5.551115123125783e-17j)
XXIZ	(0.0016289484928656284+6.938893903907228e-18j)
XXXI	(1.1231454347380612+0j)
XXXX	(0.9255872485491536+0j)
XXXY	(0.09895087750345775-2.7755575615628914e-17j)
XXXZ	(0.11671628340381085+0j)
XXYI	(-0.041541816499962206+1.1102230246251565e-16j)
XXYX	(0.019580517566035474+5.551115123125783e-17j)
XXYY	(-0.022021196032119855+0j)
XXYZ	(0.1392468535939307-5.551115123125783e-17j)
XXZI	(0.07827576730148139+6.938893903907228e-18j)
XXZX	(-0.08984957610479993+0j)
XXZY	(0.05073879507558447-5.551115123125783e-17j)
XXZZ	(-0.04524223542736919+6.938893903907228e-18j)
XYII	(0.1727130194153675-6.938893903907228e-18j)
XYIX	(-0.1109989406389041+0j)
XYIY	(-0.2210707579632687+0j)
XYIZ	(-0.22919570341354123-6.938893903907228e-18j)
XYXI	(0.27726951218645507+0j)
XYXX	(0.25345232187129413-1.3877787807814457e-17j)
XYXY	(-0.3419580054547743+0j)
XYXZ	(0.0019524107480858865+0j)
XYYI	(-0.006139404519213354+0j)
XYYX	(0.15680446777380747+0j)
XYYY	(0.003666804521341549+0j)
XYYZ	(0.22513391753216028+0j)
XYZI	(0.013672408798310054+6.938893903907228e-18j)
XYZX	(-0.10071784043608965+0j)
XYZY	(-0.11144714216411206+0j)
XYZZ	(-0.053226708385816765+6.938893903907228e-18j)
XZII	(-0.0027622799599710257+0j)
XZIX	(-0.016224361300865436+0j)
XZIY	(-0.12414672649256588+6.938893903907228e-18j)
XZIZ	(-0.0735911439901272+0j)
XZXI	(-0.13428895956775905+0j)
XZXX	(-0.06182228539874727+0j)
XZXY	(0.11353547743872525-6.938893903907228e-18j)
XZXZ	(0.1142254857631681+0j)
XZYI	(-0.08683571347514935+0j)
XZYX	(-0.1674162041048273-6.938893903907228e-18j)
XZYY	(0.10265823294829243+0j)
XZYZ	(-0.13398286118335265+0j)
XZZI	(0.16912245273643217+0j)
XZZX	(-0.14631857269003476+0j)
XZZY	(0.007207739006842975-6.938893903907228e-18j)
XZZZ	(0.1524017881249781+0j)
YIII	(-0.04286342282722744-1.3877787807814457e-17j)
YIIX	(-0.04279147579576602-6.938893903907228e-18j)
YIIY	(-0.117208655428444-6.938893903907228e-18j)
YIIZ	(-0.07946111916368034+0j)
YIXI	(-0.0830307442218541+0j)
YIXX	(0.11748831057444775+0j)
YIXY	(0.18687011845190954-6.938893903907228e-18j)
YIXZ	(0.1917736047573082+0j)
YIYI	(0.014516869106471236+0j)
YIYX	(-0.20890063425881672+6.938893903907228e-18j)
YIYY	(0.007635075888327188+0j)
YIYZ	(-0.16140507070687524+0j)
YIZI	(-0.22329427206080438+0j)
YIZX	(0.19867779975207567+6.938893903907228e-18j)
YIZY	(-0.2510421335329734-6.938893903907228e-18j)
YIZZ	(0.038902884071366634-1.3877787807814457e-17j)
YXII	(0.3547899287975147-6.938893903907228e-18j)
YXIX	(-0.02490197776304691-1.3877787807814457e-17j)
YXIY	(0.06380724726556584+0j)
YXIZ	(0.11959247753081022-6.938893903907228e-18j)
YXXI	(-0.04566576409692026+1.3877787807814457e-17j)
YXXX	(0.1681430275737653+1.3877787807814457e-17j)
YXXY	(0.17923253240762155+0j)
YXXZ	(0.017570900494983457-1.3877787807814457e-17j)
YXYI	(-0.11692515245781566+0j)
YXYX	(0.1283163951118444+0j)
YXYY	(-0.27412753836061693-1.3877787807814457e-17j)
YXYZ	(0.2367071098838578+0j)
YXZI	(0.06354141470851016+6.938893903907228e-18j)
YXZX	(0.07453793863693962+1.3877787807814457e-17j)
YXZY	(0.07253030360653963+0j)
YXZZ	(0.06308766652439805+6.938893903907228e-18j)
YYII	(0.3407734170525091+0j)
YYIX	(-0.08844027964335366+0j)
YYIY	(-0.038618313518037004+0j)
YYIZ	(0.21411213328683482+0j)
YYXI	(-0.0977381125071704+0j)
YYXX	(-0.09220539979699768+0j)
YYXY	(0.08118261480840262+0j)
YYXZ	(-0.04631788587893343+0j)
YYYI	(0.22157907986513803+0j)
YYYX	(-0.15374145169535525+0j)
YYYY	(0.04998898342838484+0j)
YYYZ	(-0.15486392870164223+0j)
YYZI	(0.17313835231176822+0j)
YYZX	(0.044956839403847704+0j)
YYZY	(0.10332819008613246+0j)
YYZZ	(-0.23588823334284276+0j)
YZII	(0.09155727264275618+0j)
YZIX	(0.14681771091140428+0j)
YZIY	(-0.08343246494630825-1.3877787807814457e-17j)
YZIZ	(-0.15408671929182277+0j)
YZXI	(-0.015646925773418863+0j)
YZXX	(0.18653946859293555+0j)
YZXY	(-0.1958885840270159+0j)
YZXZ	(-0.046131631627514186+0j)
YZYI	(0.018063616408427352+0j)
YZYX	(-0.16594713985118695+0j)
YZYY	(0.3094425725017891+0j)
YZYZ	(-0.2339417955128562+0j)
YZZI	(0.10489068021913037+0j)
YZZX	(0.3075906811590978+0j)
YZZY	(-0.046210898654474794-1.3877787807814457e-17j)
YZZZ	(0.12505452394887662+0j)
ZIII	(-0.07933879952231394+0j)
ZIIX	(0.07123322279126451+0j)
ZIIY	(0.031758132890341115+0j)
ZIIZ	(0.38699492185643397+0j)
ZIXI	(0.044693891028977695+0j)
ZIXX	(0.007484665513084202+0j)
ZIXY	(0.13868071013100808+0j)
ZIXZ	(0.19948440067276965+0j)
ZIYI	(-0.28330949879930933+0j)
ZIYX	(0.0017024022667241623+0j)
ZIYY	(-0.2218656930763815+0j)
ZIYZ	(-0.27480238449260286+0j)
ZIZI	(0.012151916586193759+0j)
ZIZX	(0.005456899064278126+0j)
ZIZY	(0.1983388145521907+0j)
ZIZZ	(-0.18244369440066793+0j)
ZXII	(0.08689438291849705+0j)
ZXIX	(-0.16055520026842968+0j)
ZXIY	(-0.053276845657160524+0j)
ZXIZ	(-0.021951732991004558+0j)
ZXXI	(-0.24926615515861036+0j)
ZXXX	(0.15673502678655227+0j)
ZXXY	(-0.10459130919346732+1.3877787807814457e-17j)
ZXXZ	(-0.0900601180966201+0j)
ZXYI	(0.012393095992397837+0j)
ZXYX	(-0.18048505731560094+0j)
ZXYY	(-0.0932157947812924+0j)
ZXYZ	(0.00132468365422099+0j)
ZXZI	(0.015439629716854197+0j)
ZXZX	(-0.048380858147560865+0j)
ZXZY	(-0.04900260016073728+0j)
ZXZZ	(-0.22458519427768137+0j)
ZYII	(0.0369470530817019+0j)
ZYIX	(0.16347374318001823+0j)
ZYIY	(-0.16724847773674217+0j)
ZYIZ	(-0.013322782360262048+0j)
ZYXI	(-0.2756510515733498+1.3877787807814457e-17j)
ZYXX	(-0.34454010263413737+0j)
ZYXY	(0.03154518607159447+0j)
ZYXZ	(-0.04553965388102718+6.938893903907228e-18j)
ZYYI	(-0.17005535075005512+0j)
ZYYX	(-0.03348788633885312+0j)
ZYYY	(-0.13568373226661923+0j)
ZYYZ	(0.038491941898606295+0j)
ZYZI	(0.11633687088424063+0j)
ZYZX	(0.0025427463572990777+0j)
ZYZY	(-0.4186718889210775+0j)
ZYZZ	(0.28951721977000955+0j)
ZZII	(0.2498612245137374+0j)
ZZIX	(-0.06992023524482635+0j)
ZZIY	(-0.11801283994272266+0j)
ZZIZ	(0.01585017139106737+0j)
ZZXI	(0.016685742252474586+0j)
ZZXX	(0.20860622829324701+0j)
ZZXY	(-0.04526029126643302+0j)
ZZXZ	(0.18052103348293985+0j)
ZZYI	(-0.11287851936168705+0j)
ZZYX	(0.1015408185873164+0j)
ZZYY	(-0.10619142662247119+0j)
ZZYZ	(0.049590624244807674+0j)
ZZZI	(0.1419597532069037+0j)
ZZZX	(0.24371900091204227+0j)
ZZZY	(0.04549703336259278+0j)
ZZZZ	(0.21044980290149945+0j)
",2612.668304204941,3328,3486,13,-4.39511476422649
5,"IIIX	(1.0628663744520273+0j)
IIIY	(-0.19208028579004827+0j)
IIIZ	(-0.04147813895569907+0j)
IIXI	(1.028501826899824+0j)
IIXX	(1.1138889607605111+0j)
IIXY	(-0.12655712832242688+0j)
IIXZ	(-0.1448676260616386+0j)
IIYI	(-0.38915056896855516+0j)
IIYX	(0.08412697140345425+0j)
IIYY	(0.18072651659450556+0j)
IIYZ	(0.17760454252730817+0j)
IIZI	(0.16303859457059877+0j)
IIZX	(-0.11627244844659906+0j)
IIZY	(0.02337180310706638+0j)
IIZZ	(-0.044784932013054224+0j)
IXII	(1.1753805394243735+0j)
IXIX	(0.8973955988330931+0j)
IXIY	(-0.14035694236570878+0j)
IXIZ	(-0.17667567123605077+0j)
IXXI	(1.1172740622508783+0j)
IXXX	(0.9761981120451615+0j)
IXXY	(0.0014215580017968021+0j)
IXXZ	(0.19807046688828964+0j)
IXYI	(0.08782711113379146+1.1102230246251565e-16j)
IXYX	(0.08140467357737216+0j)
IXYY	(0.2184573073113239+0j)
IXYZ	(0.22972312749653004-2.7755575615628914e-17j)
IXZI	(0.06419985732554268+0j)
IXZX	(0.05924805228633473+0j)
IXZY	(-0.08550692021711315+0j)
IXZZ	(0.005273409822062813+0j)
IYII	(0.2097715659440201+0j)
IYIX	(0.18033917619166512+0j)
IYIY	(0.0875347290055589+0j)
IYIZ	(-0.22653048881787213+0j)
IYXI	(-0.11805357770529422-1.3877787807814457e-17j)
IYXX	(-0.11108349555525682-6.938893903907228e-18j)
IYXY	(0.09140927742138752+0j)
IYXZ	(0.12319952758090709-6.938893903907228e-18j)
IYYI	(0.15207447500342142+0j)
IYYX	(0.027389986227619463+0j)
IYYY	(-0.15236272388331507-6.938893903907228e-18j)
IYYZ	(-0.02522807367454063+0j)
IYZI	(-0.0915829339104717+0j)
IYZX	(0.06432066501878375+0j)
IYZY	(-0.08434870383509173+0j)
IYZZ	(0.2288868337757584+0j)
IZII	(-0.2819818167081011+0j)
IZIX	(-0.0813492242341457+0j)
IZIY	(-0.07377638734385969+0j)
IZIZ	(-0.021701962322695043+0j)
IZXI	(-0.06547690067094282+0j)
IZXX	(-0.11307491970198796+0j)
IZXY	(-0.07903065046252976+0j)
IZXZ	(0.05670515181091855+0j)
IZYI	(-0.2025232258144001+0j)
IZYX	(-0.027113068469578352+0j)
IZYY	(0.1147673851851852+0j)
IZYZ	(-0.10520085199878335+0j)
IZZI	(-0.11168460591656727+0j)
IZZX	(-0.06544143172219444+0j)
IZZY	(-0.08173050668516954+0j)
IZZZ	(-0.15977298306505838+0j)
XIII	(1.2520843931179826+0j)
XIIX	(1.1882050993968867-6.938893903907228e-18j)
XIIY	(0.13492830408843248-5.551115123125783e-17j)
XIIZ	(0.07791311241731508+0j)
XIXI	(1.1077340898667583+0j)
XIXX	(0.9863005810374277-1.3877787807814457e-17j)
XIXY	(-0.03548323406026115+5.551115123125783e-17j)
XIXZ	(0.07851828813212913+6.938893903907228e-18j)
XIYI	(0.13548117895296136+0j)
XIYX	(-0.1448255155728732+5.551115123125783e-17j)
XIYY	(-0.14820002173164232+6.938893903907228e-18j)
XIYZ	(-0.027766987717669465+0j)
XIZI	(-0.06977161964058887+0j)
XIZX	(-0.1591688299317845+6.938893903907228e-18j)
XIZY	(-0.04151975314638194+5.551115123125783e-17j)
XIZZ	(-0.06501489508188923+0j)
XXII	(1.1343024626034603+0j)
XXIX	(0.8437647087278914+0j)
XXIY	(0.0417421442402585+0j)
XXIZ	(-0.0314178732026216+0j)
XXXI	(1.2294901943620244-6.938893903907228e-18j)
XXXX	(1.187297014283863+1.3877787807814457e-17j)
XXXY	(-0.08148341996671354+0j)
XXXZ	(0.20192289131408142+6.938893903907228e-18j)
XXYI	(0.039846968026700284+0j)
XXYX	(0.1399994097265856+0j)
XXYY	(0.019001907745762714+6.938893903907228e-18j)
XXYZ	(-0.11713890359023904+5.551115123125783e-17j)
XXZI	(0.027820891283614646+0j)
XXZX	(0.03284522455179656+0j)
XXZY	(0.13290488875101147+0j)
XXZZ	(-0.17548059261446672+0j)
XYII	(-0.07840823465186585-6.938893903907228e-18j)
XYIX	(-0.15861149535710176+0j)
XYIY	(0.07964142243150393+0j)
XYIZ	(0.22804930679276897-6.938893903907228e-18j)
XYXI	(0.2999966253368327+6.938893903907228e-18j)
XYXX	(-0.003466351712277313-6.938893903907228e-18j)
XYXY	(-0.0434451333478686+0j)
XYXZ	(0.12932284834910515-6.938893903907228e-18j)
XYYI	(0.018446732268998865+0j)
XYYX	(-0.020699459091681034+0j)
XYYY	(0.16077865647736572+6.938893903907228e-18j)
XYYZ	(-0.06685982914078417+0j)
XYZI	(0.10405818049921385-6.938893903907228e-18j)
XYZX	(0.098043236024532+0j)
XYZY	(0.17910250101140815+0j)
XYZZ	(0.015592283521418157-6.938893903907228e-18j)
XZII	(0.19515560714234706-6.938893903907228e-18j)
XZIX	(0.07977669361973397+0j)
XZIY	(-0.09371084962756927+6.938893903907228e-18j)
XZIZ	(-0.18764422424462215-6.938893903907228e-18j)
XZXI	(-0.14062523477548705+0j)
XZXX	(0.21676885813989805+0j)
XZXY	(-0.11927238419093246+6.938893903907228e-18j)
XZXZ	(-0.07672633887817473+0j)
XZYI	(-0.059812593021210406+0j)
XZYX	(-0.151732035839453-1.3877787807814457e-17j)
XZYY	(0.05643049389996476+0j)
XZYZ	(-0.0068258660027186585+0j)
XZZI	(0.15658427954587298+6.938893903907228e-18j)
XZZX	(0.020260775747062067+0j)
XZZY	(-0.04075063034401684+6.938893903907228e-18j)
XZZZ	(-0.062306101186787394+6.938893903907228e-18j)
YIII	(-0.13948026426242105-6.938893903907228e-18j)
YIIX	(-0.17182208432903734+1.3877787807814457e-17j)
YIIY	(-0.07645103538023969-1.3877787807814457e-17j)
YIIZ	(0.16467422250324482+6.938893903907228e-18j)
YIXI	(0.33393370824907215+1.3877787807814457e-17j)
YIXX	(0.3581683283908053-6.938893903907228e-18j)
YIXY	(-0.2320165483590207+0j)
YIXZ	(0.1786815709322495+1.3877787807814457e-17j)
YIYI	(0.07117309612388777+0j)
YIYX	(0.011281356959836654-5.551115123125783e-17j)
YIYY	(-0.07433883374676512+1.3877787807814457e-17j)
YIYZ	(0.23973316104048747+0j)
YIZI	(0.012113284195927207-6.938893903907228e-18j)
YIZX	(0.2370264034213726-1.3877787807814457e-17j)
YIZY	(-0.2657917583840981+1.3877787807814457e-17j)
YIZZ	(-0.07979668861672452+6.938893903907228e-18j)
YXII	(0.14149443722968524-6.938893903907228e-18j)
YXIX	(0.029979096268846386+0j)
YXIY	(-0.20319175411967733+0j)
YXIZ	(-0.013177932460501474-6.938893903907228e-18j)
YXXI	(-0.28671347088515897+6.938893903907228e-18j)
YXXX	(0.1695219068258434+1.3877787807814457e-17j)
YXXY	(0.35626563500791053+0j)
YXXZ	(0.11203977694078533-6.938893903907228e-18j)
YXYI	(-0.00915006546548023-2.7755575615628914e-17j)
YXYX	(-0.015139429854037725+0j)
YXYY	(0.33808672246525634+0j)
YXYZ	(-0.059083764699586226+1.3877787807814457e-17j)
YXZI	(-0.045740759158497485+2.0816681711721685e-17j)
YXZX	(0.09989777210413085+0j)
YXZY	(-0.1216446626059446+0j)
YXZZ	(-0.2796657714489107-3.469446951953614e-17j)
YYII	(0.0837584780014707+0j)
YYIX	(0.15619291860365941+0j)
YYIY	(-0.17817212010599942+6.938893903907228e-18j)
YYIZ	(0.23064337796306023+0j)
YYXI	(0.32786869714895883+0j)
YYXX	(-0.056132693015335064+0j)
YYXY	(-0.09673428638370081+0j)
YYXZ	(0.1067573512138282+0j)
YYYI	(0.04178899775255207+2.7755575615628914e-17j)
YYYX	(0.04921846643374149-1.3877787807814457e-17j)
YYYY	(0.26791199787145026+0j)
YYYZ	(0.20343790241190185-6.938893903907228e-18j)
YYZI	(0.2054743903621818+0j)
YYZX	(-0.1244897096851107+0j)
YYZY	(0.001343340097702747+6.938893903907228e-18j)
YYZZ	(0.10313823975772475+0j)
YZII	(-0.20070120012484877+6.938893903907228e-18j)
YZIX	(-0.1376375348610286-6.938893903907228e-18j)
YZIY	(0.021600482290955382-6.938893903907228e-18j)
YZIZ	(-0.26410062781460564-6.938893903907228e-18j)
YZXI	(0.023482409526739648+0j)
YZXX	(-0.033163988966948874+0j)
YZXY	(0.1942251171554749+0j)
YZXZ	(-0.028574907223280224+6.938893903907228e-18j)
YZYI	(-0.14603774070198366+0j)
YZYX	(-0.045621292972467406+0j)
YZYY	(0.10981699621175707+0j)
YZYZ	(0.08294706926867829+0j)
YZZI	(0.0019287095797892867+6.938893903907228e-18j)
YZZX	(-0.01223696923427893-6.938893903907228e-18j)
YZZY	(0.009426689217932084+6.938893903907228e-18j)
YZZZ	(0.03807885964757121-6.938893903907228e-18j)
ZIII	(0.13677146311438992+0j)
ZIIX	(0.1831773427511211+0j)
ZIIY	(0.02036828798183446+0j)
ZIIZ	(-0.08033312743441869+0j)
ZIXI	(-0.13923445196093798+0j)
ZIXX	(-0.24872206035315886+0j)
ZIXY	(0.013554671210977268+0j)
ZIXZ	(-0.023501043163575874+0j)
ZIYI	(0.08507331781554746+0j)
ZIYX	(-0.08254797703669599+0j)
ZIYY	(0.021614342814165688+0j)
ZIYZ	(-0.18323667966302415+0j)
ZIZI	(0.0597416885616744+0j)
ZIZX	(-0.14468969853563704+0j)
ZIZY	(-0.20143988595487997+0j)
ZIZZ	(-0.12011366964151614+0j)
ZXII	(-0.09580336501045808+0j)
ZXIX	(-0.2602846039488465+0j)
ZXIY	(0.31876886615718203+6.938893903907228e-18j)
ZXIZ	(-0.22606317746731341+0j)
ZXXI	(-0.06992818413812207+0j)
ZXXX	(0.10450524114062629+0j)
ZXXY	(-0.28780908352792345-1.3877787807814457e-17j)
ZXXZ	(-0.06299975380644879+0j)
ZXYI	(-0.09497000364458923+0j)
ZXYX	(-0.040525878474059945-1.3877787807814457e-17j)
ZXYY	(-0.09605918724461418+0j)
ZXYZ	(0.18887383135588864+0j)
ZXZI	(0.184214981507531+0j)
ZXZX	(-0.39303456521428476+0j)
ZXZY	(0.021886905662218348-6.938893903907228e-18j)
ZXZZ	(-0.055560096609802836+0j)
ZYII	(-0.26721370816186807+0j)
ZYIX	(0.20668582585729822+0j)
ZYIY	(-0.18823455499311437+0j)
ZYIZ	(-0.11564801513209443+0j)
ZYXI	(0.06558038660447561-6.938893903907228e-18j)
ZYXX	(-0.12655810379892202+0j)
ZYXY	(0.04492708189725684+0j)
ZYXZ	(-0.010996094791055858+0j)
ZYYI	(0.038718993453841215+0j)
ZYYX	(-0.18784478318572795+0j)
ZYYY	(0.00640236645067177-6.938893903907228e-18j)
ZYYZ	(0.19851248410940936+0j)
ZYZI	(-0.08327532250402503+0j)
ZYZX	(-0.021587421011118935+0j)
ZYZY	(-0.0027996781045836056+0j)
ZYZZ	(-0.007539191149431121+0j)
ZZII	(0.06868059799249272+0j)
ZZIX	(-0.008422269461713108+0j)
ZZIY	(0.020360150595265913+0j)
ZZIZ	(0.2821097053160123+0j)
ZZXI	(0.02214503859239081+0j)
ZZXX	(-0.08586533322474593+0j)
ZZXY	(-0.09830005642729643+0j)
ZZXZ	(-0.04320728907864829+0j)
ZZYI	(-0.04602619810302412+0j)
ZZYX	(-0.2307425539460276+0j)
ZZYY	(0.19098366263031646+0j)
ZZYZ	(0.022192444882334558+0j)
ZZZI	(0.0633689484284181+0j)
ZZZX	(0.02538587275183958+0j)
ZZZY	(0.02696964419758452+0j)
ZZZZ	(-0.21724034484822508+0j)
",2550.6574935913086,3328,3927,13,-4.477780972169168
6,"IIIX	(0.48348516873689246+0j)
IIIY	(-0.047627532943285825+0j)
IIIZ	(0.1461090463472884+0j)
IIXI	(1.06016904833831+0j)
IIXX	(1.1691019352759682+0j)
IIXY	(0.16498984589233737+0j)
IIXZ	(-0.18744895864275812+0j)
IIYI	(0.30629844854832333+0j)
IIYX	(0.08855522325266393+0j)
IIYY	(0.09187348602952516+0j)
IIYZ	(-0.04660516556911176+0j)
IIZI	(0.061891049818930455+0j)
IIZX	(-0.0058045093898060895+0j)
IIZY	(-0.1275170066564159+0j)
IIZZ	(0.06836316684092139+0j)
IXII	(1.2366515420497164+0j)
IXIX	(1.0065784751509+0j)
IXIY	(0.10509124699246028+2.7755575615628914e-17j)
IXIZ	(-0.04023420028982133+0j)
IXXI	(0.841719797035809+0j)
IXXX	(1.1133440961664656+0j)
IXXY	(0.18836255349986525+5.551115123125783e-17j)
IXXZ	(0.08204158753857607+0j)
IXYI	(-0.2033968679911607+0j)
IXYX	(-0.2155882156633992+0j)
IXYY	(-0.10713184647810409+0j)
IXYZ	(-0.12412180929801925-2.7755575615628914e-17j)
IXZI	(-0.08954753198584964+0j)
IXZX	(0.024922415734382142+0j)
IXZY	(-0.05537031254497232-2.7755575615628914e-17j)
IXZZ	(0.02447908669627713+0j)
IYII	(0.010244963537155052+0j)
IYIX	(0.3520702590291775-2.0816681711721685e-17j)
IYIY	(0.20020162863949095+0j)
IYIZ	(0.15357066127366276+0j)
IYXI	(-0.048492076322501715+0j)
IYXX	(0.008076107476937225-1.3877787807814457e-17j)
IYXY	(-0.17583334617830443+0j)
IYXZ	(0.299624194889189+0j)
IYYI	(0.11122960187246579+0j)
IYYX	(0.08487868034897113+0j)
IYYY	(-0.04940586186842856+1.3877787807814457e-17j)
IYYZ	(0.06222898816092075+0j)
IYZI	(0.07485630647066728+0j)
IYZX	(0.21110154951665355-6.938893903907228e-18j)
IYZY	(0.05595935194434867+0j)
IYZZ	(-0.17401027455969992+0j)
IZII	(-0.029556579050031798+0j)
IZIX	(0.179773695468566+0j)
IZIY	(-0.12490621028719885+0j)
IZIZ	(0.22976920506661963+0j)
IZXI	(-0.05629545635839833+0j)
IZXX	(-0.06393751181533436+0j)
IZXY	(-0.0349625812722988+0j)
IZXZ	(-0.23233792137682263+0j)
IZYI	(-0.16201583129266556+0j)
IZYX	(0.1614385426808969+0j)
IZYY	(-0.01149407096038857+0j)
IZYZ	(0.01134616808795734+0j)
IZZI	(0.047712258641600905+0j)
IZZX	(-0.029283160906567574+0j)
IZZY	(-0.03217826929819333+0j)
IZZZ	(0.022078113798711094+0j)
XIII	(0.8770162733231776+0j)
XIIX	(1.0534805034733494+2.7755575615628914e-17j)
XIIY	(-0.35899297075720743+5.551115123125783e-17j)
XIIZ	(0.13560600759551503+0j)
XIXI	(1.1413852549264667-6.938893903907228e-18j)
XIXX	(1.19830315035645+0j)
XIXY	(-0.056340951881207316+0j)
XIXZ	(-0.09943715389068669-6.938893903907228e-18j)
XIYI	(0.11095877243260024+1.1102230246251565e-16j)
XIYX	(0.009672759797999184+0j)
XIYY	(0.03634418835493469+0j)
XIYZ	(0.0406299849073807-5.551115123125783e-17j)
XIZI	(-0.14765260209291087+0j)
XIZX	(0.22990969518181453+2.7755575615628914e-17j)
XIZY	(-0.21243964094800388-5.551115123125783e-17j)
XIZZ	(0.08572975514413342+0j)
XXII	(1.0318271339769538+0j)
XXIX	(1.3002203440595164+0j)
XXIY	(0.028708977529749463+0j)
XXIZ	(-0.14111098424473761+0j)
XXXI	(0.9533428459712687+0j)
XXXX	(1.1238277256372697+2.7755575615628914e-17j)
XXXY	(0.05078515580500868+0j)
XXXZ	(-0.2272331775153989+0j)
XXYI	(0.0988980385252543+5.551115123125783e-17j)
XXYX	(-0.3072305018513609+0j)
XXYY	(-0.11156715254769367+1.3877787807814457e-17j)
XXYZ	(-0.149135645612988-5.551115123125783e-17j)
XXZI	(0.05082103731204057+0j)
XXZX	(-0.09189123787012354+0j)
XXZY	(-0.02936082141792007+0j)
XXZZ	(-0.012121676505865653+0j)
XYII	(0.1647584219832285+6.938893903907228e-18j)
XYIX	(0.14373163618820495-1.3877787807814457e-17j)
XYIY	(0.068755028742338-1.3877787807814457e-17j)
XYIZ	(0.04157193084225537+6.938893903907228e-18j)
XYXI	(-0.16897263128887444-5.551115123125783e-17j)
XYXX	(-0.07984321208574557+0j)
XYXY	(-0.07120614541225383+6.938893903907228e-18j)
XYXZ	(0.02437570954574403+0j)
XYYI	(-0.30831775208149476+0j)
XYYX	(0.03803485875684652-6.938893903907228e-18j)
XYYY	(-0.038582365559375977+0j)
XYYZ	(0.053774551842675516+0j)
XYZI	(-0.03626813535691652-6.938893903907228e-18j)
XYZX	(0.18297218654437553+1.3877787807814457e-17j)
XYZY	(-0.011956351454649447-1.3877787807814457e-17j)
XYZZ	(-0.05445643715701649-6.938893903907228e-18j)
XZII	(0.12554552545272918+0j)
XZIX	(0.014217069885819972+0j)
XZIY	(0.00680980574627027+0j)
XZIZ	(0.10911429149571893+0j)
XZXI	(0.1620714813289735+6.938893903907228e-18j)
XZXX	(0.012930566062535322+0j)
XZXY	(0.07857095123969414-6.938893903907228e-18j)
XZXZ	(-0.08879021957829608+6.938893903907228e-18j)
XZYI	(0.03042486024085333-2.7755575615628914e-17j)
XZYX	(0.16371586919938097-6.938893903907228e-18j)
XZYY	(0.04325137656877156+0j)
XZYZ	(0.09229382696357685+6.938893903907228e-18j)
XZZI	(-0.17484046086744498+0j)
XZZX	(-0.03497738133120558+0j)
XZZY	(0.15143986659203554+1.3877787807814457e-17j)
XZZZ	(-0.1257932291905191+0j)
YIII	(0.16366518524786774+0j)
YIIX	(-0.03969126206314478+1.3877787807814457e-17j)
YIIY	(0.3188189361595139+6.938893903907228e-18j)
YIIZ	(-0.006171542998879204+2.7755575615628914e-17j)
YIXI	(-0.1825312255589002+1.3877787807814457e-17j)
YIXX	(-0.23886624687272323+2.7755575615628914e-17j)
YIXY	(-0.017488101211605163+0j)
YIXZ	(-0.32822725711272993+0j)
YIYI	(-0.058158470834334786+0j)
YIYX	(0.17222364412763294+0j)
YIYY	(-0.10269663495750476+6.938893903907228e-18j)
YIYZ	(0.12529693697905425+0j)
YIZI	(0.1205251277013594-1.3877787807814457e-17j)
YIZX	(0.06363722718906681-1.3877787807814457e-17j)
YIZY	(0.007092522248161315+6.938893903907228e-18j)
YIZZ	(-0.07207868632944178-1.3877787807814457e-17j)
YXII	(0.09473430962927833+1.3877787807814457e-17j)
YXIX	(-0.11171642078643733+0j)
YXIY	(-0.09126456669695501+0j)
YXIZ	(0.23764804387214966+1.3877787807814457e-17j)
YXXI	(-0.04593802104226022-6.938893903907228e-18j)
YXXX	(0.22048242396512244-6.938893903907228e-18j)
YXXY	(-0.06847811681690519+0j)
YXXZ	(0.023328783804534015-2.0816681711721685e-17j)
YXYI	(-0.024425871902397193+0j)
YXYX	(0.04491765914413239-2.7755575615628914e-17j)
YXYY	(0.17783487310548218-3.469446951953614e-17j)
YXYZ	(0.10488968431116916+0j)
YXZI	(-0.10128006774480959+2.7755575615628914e-17j)
YXZX	(0.19477907542336276-2.7755575615628914e-17j)
YXZY	(-0.00035339162756592435+0j)
YXZZ	(0.01683663614117599-2.7755575615628914e-17j)
YYII	(0.04420726711445454+0j)
YYIX	(-0.1347354321963071-1.3877787807814457e-17j)
YYIY	(-0.010881433152846953+0j)
YYIZ	(0.263256861268087+0j)
YYXI	(-0.03270572248459166+0j)
YYXX	(0.07702030584856462+0j)
YYXY	(-0.09542578123412895-6.938893903907228e-18j)
YYXZ	(-0.19087367695841762+0j)
YYYI	(-0.1435528559917077-6.938893903907228e-18j)
YYYX	(-0.036142910099358216+6.938893903907228e-18j)
YYYY	(0.06628065746687939+0j)
YYYZ	(-0.02142598522555092+0j)
YYZI	(-0.12373917574662503+0j)
YYZX	(0.2102554722929494-1.3877787807814457e-17j)
YYZY	(-0.26826487780847885+0j)
YYZZ	(-0.11932350027929069+0j)
YZII	(0.028372681429722837+0j)
YZIX	(0.06582877307254545+0j)
YZIY	(-0.049286342185787674+0j)
YZIZ	(-0.023431576884588176+0j)
YZXI	(0.09351671732146549+6.938893903907228e-18j)
YZXX	(-0.10752124275906354+0j)
YZXY	(-0.09048987881498635+0j)
YZXZ	(0.16874721747238064-6.938893903907228e-18j)
YZYI	(-0.104174629847338+0j)
YZYX	(-0.16761548157749354+0j)
YZYY	(0.12329152365848371+0j)
YZYZ	(0.011876215348464746+0j)
YZZI	(-0.2681486113683633+0j)
YZZX	(-0.07453885838076574+1.3877787807814457e-17j)
YZZY	(-0.025254467442077336+0j)
YZZZ	(-0.2183832502474195+0j)
ZIII	(-0.12347534116874588+0j)
ZIIX	(0.03473884724855866+0j)
ZIIY	(0.22076861766168415+0j)
ZIIZ	(-0.13868060924637216+0j)
ZIXI	(-0.21278147276235787+0j)
ZIXX	(0.10068264716903556+0j)
ZIXY	(0.019277853266769215+0j)
ZIXZ	(0.20863750223956667+0j)
ZIYI	(-0.1563572620645265+0j)
ZIYX	(-0.06760609944772868+0j)
ZIYY	(0.19952487129731344+0j)
ZIYZ	(-0.08187553284835987+0j)
ZIZI	(-0.028908576999302313+0j)
ZIZX	(-0.03436343385093188+0j)
ZIZY	(-0.09264976979214606+0j)
ZIZZ	(-0.07647655756839951+0j)
ZXII	(-0.15104358142107827+0j)
ZXIX	(0.18740550796140493+0j)
ZXIY	(-0.23590802211475553-2.0816681711721685e-17j)
ZXIZ	(0.04132838648450261+0j)
ZXXI	(0.2314926026173419+0j)
ZXXX	(-0.2349574934441221+0j)
ZXXY	(-0.016988424979895347+0j)
ZXXZ	(-0.09331565393726526+0j)
ZXYI	(0.02069893275387713-1.3877787807814457e-17j)
ZXYX	(-0.09661681532820739+0j)
ZXYY	(-0.1636035237035965+0j)
ZXYZ	(-0.07479268724719512+2.0816681711721685e-17j)
ZXZI	(0.06430114407570901+0j)
ZXZX	(-0.10649353503034192+0j)
ZXZY	(0.1370828698661199+6.938893903907228e-18j)
ZXZZ	(0.09649086117287879+0j)
ZYII	(-0.005501318596111901+0j)
ZYIX	(0.1243120913293231+0j)
ZYIY	(-0.060991734893275515+0j)
ZYIZ	(0.11507067026020663+0j)
ZYXI	(0.10904367345456256-6.938893903907228e-18j)
ZYXX	(-0.17058807902992829-2.7755575615628914e-17j)
ZYXY	(0.055880444737895156+0j)
ZYXZ	(0.13301798861562625-6.938893903907228e-18j)
ZYYI	(-0.06893029169066497-6.938893903907228e-18j)
ZYYX	(0.26592405213949966+0j)
ZYYY	(-0.07478725912831437+6.938893903907228e-18j)
ZYYZ	(0.0874234516031166+0j)
ZYZI	(0.08205530623599712+0j)
ZYZX	(-0.16365837199954814+0j)
ZYZY	(0.017195225902569763+0j)
ZYZZ	(0.05354478572339168+0j)
ZZII	(-0.04153539658391865+0j)
ZZIX	(-0.12969295519492255+0j)
ZZIY	(0.1165634736686635+0j)
ZZIZ	(0.1921899591430652+0j)
ZZXI	(0.06166782042299032+0j)
ZZXX	(-0.0016732218534706716+0j)
ZZXY	(-0.1363724800324082+0j)
ZZXZ	(-0.19335992650683134+0j)
ZZYI	(0.02589474535138385+0j)
ZZYX	(-0.32550063208147884+0j)
ZZYY	(0.2326881119411564+0j)
ZZYZ	(-0.05677647809397178+0j)
ZZZI	(-0.13125530675738573+0j)
ZZZX	(-0.03612967675089679+0j)
ZZZY	(0.053615123772842874+0j)
ZZZZ	(-0.07567872822628702+0j)
",2273.1391744613647,3328,2688,13,-5.194624550715051
7,"IIIX	(1.1121507801979735+0j)
IIIY	(0.12632677858493524+0j)
IIIZ	(-0.16192336574322305+0j)
IIXI	(0.9016615504970114+0j)
IIXX	(0.7975241194556506+0j)
IIXY	(-0.08594111912950851+0j)
IIXZ	(-0.25426859201857627+0j)
IIYI	(-0.03131127942167897+0j)
IIYX	(0.033383702935600015+0j)
IIYY	(0.048439870393714224+0j)
IIYZ	(-0.02542112285982895+0j)
IIZI	(-0.35718028085122555+0j)
IIZX	(0.015622607976996328+0j)
IIZY	(0.02999912309623541+0j)
IIZZ	(0.03499127885220546+0j)
IXII	(1.1886183190226882+0j)
IXIX	(1.117227980435855+0j)
IXIY	(0.10288423988500542+0j)
IXIZ	(0.030632663538510574+0j)
IXXI	(1.0649044307808762+0j)
IXXX	(0.6918701268225975+0j)
IXXY	(-0.1578287051722234+0j)
IXXZ	(0.06210144675008+0j)
IXYI	(-0.1675892239942044+0j)
IXYX	(0.05889896133561667+0j)
IXYY	(-0.017034630075697887+0j)
IXYZ	(-0.21219039324778322+1.1102230246251565e-16j)
IXZI	(-0.053345065533092484+0j)
IXZX	(-0.03894235323612538+0j)
IXZY	(-0.2010188854045359+0j)
IXZZ	(0.006371153064171797+0j)
IYII	(-0.01547627243068149+0j)
IYIX	(-0.01257283609974063+0j)
IYIY	(-0.02240072097786984-6.938893903907228e-18j)
IYIZ	(0.03385145097021609+0j)
IYXI	(-0.03857122846271968+0j)
IYXX	(0.30474446983148035+6.938893903907228e-18j)
IYXY	(-0.05679263005662768+2.7755575615628914e-17j)
IYXZ	(0.09455751579149035+6.938893903907228e-18j)
IYYI	(-0.184906583569737+0j)
IYYX	(0.1214856074203039+0j)
IYYY	(-0.13881003384774385+6.938893903907228e-18j)
IYYZ	(-0.05522520449660089+0j)
IYZI	(-0.010639982258678418+0j)
IYZX	(0.09882847004437886+1.3877787807814457e-17j)
IYZY	(-0.08112502166219379+6.938893903907228e-18j)
IYZZ	(-0.1026461870076867+0j)
IZII	(-0.0009117724170235736+0j)
IZIX	(-0.10090195167703071+0j)
IZIY	(-0.08350527889934066+0j)
IZIZ	(0.23392584214002132+0j)
IZXI	(-0.14851964517649663+0j)
IZXX	(0.025421605466955516+0j)
IZXY	(-0.24987701548821167+0j)
IZXZ	(0.07984722815182145+0j)
IZYI	(-0.11365365607601335+0j)
IZYX	(0.08692695943522429+0j)
IZYY	(-0.016486958256875878+0j)
IZYZ	(-0.060274225817736976+0j)
IZZI	(0.045136207610746396+0j)
IZZX	(0.14302160174298012+0j)
IZZY	(-0.21099857566653157+0j)
IZZZ	(0.10669904389089506+0j)
XIII	(1.0563968579616192+0j)
XIIX	(1.025629003095823+0j)
XIIY	(0.026735675318788774+0j)
XIIZ	(0.004676456266382051+0j)
XIXI	(1.1654475577561558+0j)
XIXX	(0.94691319392105+0j)
XIXY	(0.0582141486494452+0j)
XIXZ	(0.2610370018467965+0j)
XIYI	(0.04229125015075774-1.1102230246251565e-16j)
XIYX	(-0.12145447481088727+0j)
XIYY	(0.05475781053798978+0j)
XIYZ	(-0.04093231291173724-5.551115123125783e-17j)
XIZI	(-0.14416541482594503+0j)
XIZX	(-0.20684399273063747+0j)
XIZY	(0.1730342963867827+0j)
XIZZ	(-0.10578431139772101+0j)
XXII	(1.0957518293807107+0j)
XXIX	(1.0583957904669479+6.938893903907228e-18j)
XXIY	(0.22100613503037772+0j)
XXIZ	(-0.21040144820304474+0j)
XXXI	(0.8686122001538423+0j)
XXXX	(1.1128043166309363+0j)
XXXY	(-0.019263210878523798-5.551115123125783e-17j)
XXXZ	(-0.029988505022647688+0j)
XXYI	(0.010326392049404207+0j)
XXYX	(-0.19140160346963525+0j)
XXYY	(-0.024534153237774692+0j)
XXYZ	(-0.14130422307188267+2.7755575615628914e-17j)
XXZI	(-0.015039529565062715+0j)
XXZX	(0.22469664949344936-6.938893903907228e-18j)
XXZY	(0.15610501973774246+0j)
XXZZ	(0.15372959059115632+0j)
XYII	(-0.08994811163551136+0j)
XYIX	(0.04280576624938687+0j)
XYIY	(-0.060267564728807496+0j)
XYIZ	(0.04921057061948039+0j)
XYXI	(-0.008066466744460557+0j)
XYXX	(-0.13571201485359025+0j)
XYXY	(-0.26073943555869944+0j)
XYXZ	(-0.055555458607771904-1.3877787807814457e-17j)
XYYI	(-0.36591855538990137+0j)
XYYX	(-0.03421427004943341+0j)
XYYY	(0.21979458047150624+0j)
XYYZ	(0.10021456996761947+0j)
XYZI	(-0.141859552275804+0j)
XYZX	(-0.0653706265814877+0j)
XYZY	(-0.04697686553623083+0j)
XYZZ	(0.0535678543390348+0j)
XZII	(0.03767736286009839+0j)
XZIX	(0.02504132141367027+0j)
XZIY	(0.057616295881912236+6.938893903907228e-18j)
XZIZ	(0.14875349997721116+0j)
XZXI	(-0.19876853576502754+2.7755575615628914e-17j)
XZXX	(-0.09761619085930845+6.938893903907228e-18j)
XZXY	(0.10121552169327616+0j)
XZXZ	(0.2430021122253931-2.7755575615628914e-17j)
XZYI	(0.26457984545775903+0j)
XZYX	(0.12277506472262897-6.938893903907228e-18j)
XZYY	(0.23628805367520356-6.938893903907228e-18j)
XZYZ	(-0.04657138830907777+0j)
XZZI	(-0.028141275442536626+0j)
XZZX	(-0.19610079668767427+0j)
XZZY	(0.0016603047223947703-6.938893903907228e-18j)
XZZZ	(-0.006447151725870029+0j)
YIII	(-0.11352463296822944+0j)
YIIX	(-0.11449074977757008-6.938893903907228e-18j)
YIIY	(-0.1183977800494806+0j)
YIIZ	(0.13989721779329933+0j)
YIXI	(-0.10025243148076382+6.938893903907228e-18j)
YIXX	(-0.05996897819155268+2.0816681711721685e-17j)
YIXY	(-0.1309921432102408-1.3877787807814457e-17j)
YIXZ	(-0.13505828888643262+2.0816681711721685e-17j)
YIYI	(0.00816583602563243+0j)
YIYX	(-0.06863300279827195-1.3877787807814457e-17j)
YIYY	(0.23035429452977063+2.7755575615628914e-17j)
YIYZ	(0.06950573748937519+0j)
YIZI	(-0.08868063236388547+0j)
YIZX	(-0.19072361219180267+6.938893903907228e-18j)
YIZY	(-0.1853874943250507+0j)
YIZZ	(0.06990098371010485+0j)
YXII	(-0.065206807123871+1.3877787807814457e-17j)
YXIX	(0.33291119933379226-2.0816681711721685e-17j)
YXIY	(0.18924416325772417-2.0816681711721685e-17j)
YXIZ	(0.15596527441806604-2.7755575615628914e-17j)
YXXI	(-0.04540111966941095+1.3877787807814457e-17j)
YXXX	(0.08961586197456776-6.938893903907228e-18j)
YXXY	(0.0493551723610059+0j)
YXXZ	(0.017301125975059797+1.3877787807814457e-17j)
YXYI	(-0.08006485108026425+0j)
YXYX	(0.11587791498315819+0j)
YXYY	(-0.11426619912758486-6.938893903907228e-18j)
YXYZ	(0.0008977508876844426+0j)
YXZI	(-0.0642471924584972-2.7755575615628914e-17j)
YXZX	(-0.1684502894203233-6.938893903907228e-18j)
YXZY	(0.19235014710030987+3.469446951953614e-17j)
YXZZ	(0.2474824189523471-1.3877787807814457e-17j)
YYII	(0.027026610165075196+0j)
YYIX	(0.07938082571987526+1.3877787807814457e-17j)
YYIY	(-0.029700241326058627+6.938893903907228e-18j)
YYIZ	(-0.09033209835188726+0j)
YYXI	(-0.04894584543186335+0j)
YYXX	(0.11219091195609801+0j)
YYXY	(0.16553810344612485+6.938893903907228e-18j)
YYXZ	(-0.260753390547555+0j)
YYYI	(-0.19430086974339916+1.3877787807814457e-17j)
YYYX	(0.10609379083399202-6.938893903907228e-18j)
YYYY	(-0.010164667954393601+0j)
YYYZ	(0.09238647858242315+2.7755575615628914e-17j)
YYZI	(0.11536638325397362+0j)
YYZX	(-0.01369841866801829-1.3877787807814457e-17j)
YYZY	(0.2348404411792815-6.938893903907228e-18j)
YYZZ	(-0.03742209354973465+0j)
YZII	(0.09170695208079149+0j)
YZIX	(-0.08052147770516561+0j)
YZIY	(-0.06538455192483668+0j)
YZIZ	(0.07316582507853733+0j)
YZXI	(-0.08011619256164809+1.3877787807814457e-17j)
YZXX	(0.11878959900702986+6.938893903907228e-18j)
YZXY	(0.06730621981646992+0j)
YZXZ	(0.14235638145412943-1.3877787807814457e-17j)
YZYI	(-0.09202883396604762+6.938893903907228e-18j)
YZYX	(-0.03451460434275482+0j)
YZYY	(-0.009185118778425885-6.938893903907228e-18j)
YZYZ	(0.16886529762413693-1.3877787807814457e-17j)
YZZI	(-0.29483246714044653+0j)
YZZX	(0.09771321328309963+0j)
YZZY	(0.0805946697762079+0j)
YZZZ	(-0.0322520421736012+0j)
ZIII	(-0.1312561316798957+0j)
ZIIX	(-0.33320099153943494+0j)
ZIIY	(0.11011758321701103+0j)
ZIIZ	(-0.09040024642695599+0j)
ZIXI	(0.03209375379391749+0j)
ZIXX	(-0.13224665481280287+0j)
ZIXY	(-0.09149457977335698+0j)
ZIXZ	(0.002786073435703751+0j)
ZIYI	(-0.028681108048010967+0j)
ZIYX	(-0.2588273984115883+0j)
ZIYY	(0.02160851664830793+0j)
ZIYZ	(-0.0968135365190303+0j)
ZIZI	(-0.016139933459805023+0j)
ZIZX	(0.08597920900502831+0j)
ZIZY	(-0.08703907984832242+0j)
ZIZZ	(0.1973526329531582+0j)
ZXII	(0.14228921417828086+0j)
ZXIX	(0.1941636286298039+0j)
ZXIY	(-0.4852618413479805-1.3877787807814457e-17j)
ZXIZ	(0.17743306112647006+0j)
ZXXI	(-0.0034261760980713665+0j)
ZXXX	(-0.12552855036939564+0j)
ZXXY	(-0.00901975070480801+0j)
ZXXZ	(-0.19032172252370627+0j)
ZXYI	(0.08760787115470449+6.938893903907228e-18j)
ZXYX	(0.11926929184654872+0j)
ZXYY	(-0.06795097040389299+0j)
ZXYZ	(0.16391548519389054-1.3877787807814457e-17j)
ZXZI	(0.13090310870275515+0j)
ZXZX	(-0.1911223281309284+0j)
ZXZY	(-0.1273614801746466+1.3877787807814457e-17j)
ZXZZ	(-0.16688151617520558+0j)
ZYII	(-0.035153622633543255+0j)
ZYIX	(-0.09826331692685816-6.938893903907228e-18j)
ZYIY	(0.049034324648241166+0j)
ZYIZ	(-0.08882929370519348+0j)
ZYXI	(0.004107627954037324+0j)
ZYXX	(-0.015673244210252513+0j)
ZYXY	(-0.1935951749776258+0j)
ZYXZ	(0.039044273990513134+0j)
ZYYI	(-0.0700194408058449+0j)
ZYYX	(-0.06697088292434084+0j)
ZYYY	(0.19474936648040272+0j)
ZYYZ	(0.1919970793086377+0j)
ZYZI	(0.003066964366526856+0j)
ZYZX	(0.09804721560500829-6.938893903907228e-18j)
ZYZY	(-0.16974515535551343+0j)
ZYZZ	(-0.13481066490730725+0j)
ZZII	(0.13569692027980962+0j)
ZZIX	(0.09399193582185879+0j)
ZZIY	(-0.1293707751311224+0j)
ZZIZ	(-0.21158942331197617+0j)
ZZXI	(0.4005599892914261+0j)
ZZXX	(0.10326166664752272+0j)
ZZXY	(-0.282890713874995+0j)
ZZXZ	(0.12177928895432655+0j)
ZZYI	(0.059394330513708626+0j)
ZZYX	(0.012174647801386246+0j)
ZZYY	(0.308749013000343+0j)
ZZYZ	(-0.0853913444440754+0j)
ZZZI	(0.04205305901358368+0j)
ZZZX	(0.047180494738362236+0j)
ZZZY	(0.14929584386931624+0j)
ZZZZ	(-0.06600254161242501+0j)
",2011.6082978248596,3328,3235,13,-4.269780329399318
8,"IIIX	(0.8618991472874769+0j)
IIIY	(0.17467546552520163+0j)
IIIZ	(-0.08425871561254605+0j)
IIXI	(1.1833937274910276+0j)
IIXX	(0.843094238327956+0j)
IIXY	(0.14356571006499658+0j)
IIXZ	(0.07816492033969935+0j)
IIYI	(-0.08421559102115858+0j)
IIYX	(-0.052478424629413004+0j)
IIYY	(0.036743341094350124+0j)
IIYZ	(0.033846935343950446+0j)
IIZI	(0.017035193566643292+0j)
IIZX	(0.03404817103287505+0j)
IIZY	(-0.034699512318271605+0j)
IIZZ	(-0.0742027843594244+0j)
IXII	(0.9998445467471346+0j)
IXIX	(1.1880208297108443+0j)
IXIY	(0.02363763064140144+0j)
IXIZ	(-0.28044628103849+0j)
IXXI	(0.8935026458747986+1.3877787807814457e-17j)
IXXX	(1.0223228189349955+1.3877787807814457e-17j)
IXXY	(-0.2439475532127096+0j)
IXXZ	(-0.17888329512490916+0j)
IXYI	(0.23445241388761062+5.551115123125783e-17j)
IXYX	(0.0428502801296083+0j)
IXYY	(-0.013829414938222984+1.3877787807814457e-17j)
IXYZ	(-0.35249763266515377+2.7755575615628914e-17j)
IXZI	(0.05676290629646363+0j)
IXZX	(0.1888459964850671+0j)
IXZY	(0.12845963668717303-1.1102230246251565e-16j)
IXZZ	(0.15465884391467571+0j)
IYII	(-0.15772587311422798+0j)
IYIX	(0.09675626834608035+0j)
IYIY	(-0.1038843252378635+0j)
IYIZ	(0.15195812045570659+0j)
IYXI	(-0.18932816675355457+0j)
IYXX	(-0.3111818897429541+0j)
IYXY	(0.03858602903000992+0j)
IYXZ	(-0.154854205706692-2.7755575615628914e-17j)
IYYI	(-0.13306564160808199-1.3877787807814457e-17j)
IYYX	(-0.059862640518112256+0j)
IYYY	(0.0023055236579707095+0j)
IYYZ	(0.2533208423441391-1.3877787807814457e-17j)
IYZI	(0.12803020670389686+0j)
IYZX	(0.07128572155159092+0j)
IYZY	(-0.059785332831165605+0j)
IYZZ	(0.17451178316472024+0j)
IZII	(-0.08100670418812131+0j)
IZIX	(0.09305188432726524+0j)
IZIY	(0.08065051316372832+0j)
IZIZ	(-0.0050498920276119685+0j)
IZXI	(-0.07240325459729043+0j)
IZXX	(0.015596423711398397+0j)
IZXY	(0.03499438738323914+0j)
IZXZ	(0.07299032345490138+0j)
IZYI	(-0.24821170727374547+0j)
IZYX	(0.1767183173964007+0j)
IZYY	(-0.17508204275034706+0j)
IZYZ	(0.018918042935493887+0j)
IZZI	(-0.01644002590844451+0j)
IZZX	(-0.02845569754929711+0j)
IZZY	(-0.0892114586702212+0j)
IZZZ	(-0.052567538701588507+0j)
XIII	(0.9474600165604863+0j)
XIIX	(1.0753704908856418-6.938893903907228e-18j)
XIIY	(-0.01320242027546916+0j)
XIIZ	(-0.10197518504868902+0j)
XIXI	(0.8526285170817376+0j)
XIXX	(1.053554261896287+0j)
XIXY	(-0.029143552276043566+5.551115123125783e-17j)
XIXZ	(0.1660744942800654+0j)
XIYI	(0.16611474943250196+0j)
XIYX	(0.012974063843447153+1.1102230246251565e-16j)
XIYY	(-0.11896410899495158+0j)
XIYZ	(-0.2572297168717822+2.7755575615628914e-17j)
XIZI	(-0.2284923139877521+0j)
XIZX	(-0.21099943156784273+6.938893903907228e-18j)
XIZY	(-0.12167385821114413+0j)
XIZZ	(-0.2524217043637467+0j)
XXII	(0.6396566317041529+0j)
XXIX	(0.9633653896440781+6.938893903907228e-18j)
XXIY	(-0.13093931830977995+0j)
XXIZ	(-0.0675934931485104+0j)
XXXI	(0.927958007128446+0j)
XXXX	(0.9478047080030798+0j)
XXXY	(-0.0036771870343259294+0j)
XXXZ	(-0.22457829537388874+0j)
XXYI	(0.16466977105822173+0j)
XXYX	(0.026361965262475306+0j)
XXYY	(0.02595462622479805+0j)
XXYZ	(-0.10103229288694532+0j)
XXZI	(-0.003988088423846015+0j)
XXZX	(-0.08769122657639605+6.938893903907228e-18j)
XXZY	(-0.05207061546059899+0j)
XXZZ	(-0.09782011295889095+0j)
XYII	(-0.19116887546989325+0j)
XYIX	(-0.10567201413848085-6.938893903907228e-18j)
XYIY	(-0.19750861138135456+6.938893903907228e-18j)
XYIZ	(0.029303552144759992+0j)
XYXI	(-0.0402445837992566+0j)
XYXX	(0.014294355978622775+6.938893903907228e-18j)
XYXY	(0.06311074691632707+0j)
XYXZ	(0.06653180656242325+0j)
XYYI	(-0.08435305491175481+6.938893903907228e-18j)
XYYX	(-0.06255782939142782+0j)
XYYY	(0.03777597735755997+6.938893903907228e-18j)
XYYZ	(0.08734509581197143-6.938893903907228e-18j)
XYZI	(-0.026074218368573293+0j)
XYZX	(-0.06703209806474539+6.938893903907228e-18j)
XYZY	(-0.0001992130523141289+6.938893903907228e-18j)
XYZZ	(-0.1962827008177546+0j)
XZII	(-0.18576161542461767+0j)
XZIX	(0.2489886611192325+0j)
XZIY	(0.10016906825758191-6.938893903907228e-18j)
XZIZ	(0.21178527775196865+0j)
XZXI	(-0.07900479586344474+1.3877787807814457e-17j)
XZXX	(0.0779381721201379+0j)
XZXY	(-0.05418662430034865+6.938893903907228e-18j)
XZXZ	(-0.05802683624589196+1.3877787807814457e-17j)
XZYI	(-0.12199758840846368+0j)
XZYX	(-0.2029054871547884-6.938893903907228e-18j)
XZYY	(0.040503953868650654+0j)
XZYZ	(-0.21572168955359555+0j)
XZZI	(-0.19465849174015093+0j)
XZZX	(0.13208088726672834+0j)
XZZY	(-0.21292160018977996-2.0816681711721685e-17j)
XZZZ	(-0.044340308548661125+0j)
YIII	(-0.11263240778008428+0j)
YIIX	(-0.1447146171413065-1.3877787807814457e-17j)
YIIY	(-0.34306204048657785+0j)
YIIZ	(-0.13194765108963158+0j)
YIXI	(-0.01975052872909769+6.938893903907228e-18j)
YIXX	(-0.011347049330763942+2.0816681711721685e-17j)
YIXY	(-0.012254600752364737+0j)
YIXZ	(-0.03014204248195393-1.3877787807814457e-17j)
YIYI	(0.04116086116772779+0j)
YIYX	(0.08722060243378885+0j)
YIYY	(0.03481921818411418-6.938893903907228e-18j)
YIYZ	(0.15153896031406244+0j)
YIZI	(-0.04137265390364077+0j)
YIZX	(0.14437175061389557-1.3877787807814457e-17j)
YIZY	(0.048470345469542986+0j)
YIZZ	(-0.021174888984825405+0j)
YXII	(0.11353023781277989-6.938893903907228e-18j)
YXIX	(0.063619438336144+6.938893903907228e-18j)
YXIY	(0.32205003075101424+0j)
YXIZ	(0.1729258518152641+6.938893903907228e-18j)
YXXI	(0.2691388128973908+0j)
YXXX	(-0.3320035736451061-2.0816681711721685e-17j)
YXXY	(0.2610161181111823+0j)
YXXZ	(-0.17677724861768845-6.938893903907228e-18j)
YXYI	(-0.28915952172199555+0j)
YXYX	(-0.09235909412873225+0j)
YXYY	(-0.07262531827028212+0j)
YXYZ	(0.04632142684191037+0j)
YXZI	(-0.019941345274323216-6.938893903907228e-18j)
YXZX	(0.28912067061780244-6.938893903907228e-18j)
YXZY	(0.07978229717394691+0j)
YXZZ	(0.025704024095005926+6.938893903907228e-18j)
YYII	(0.05439244560034231+0j)
YYIX	(0.16731212402466536+0j)
YYIY	(0.0842255295471997+1.3877787807814457e-17j)
YYIZ	(0.10189433482732346+0j)
YYXI	(0.1922280513385884+0j)
YYXX	(0.09058479482075958+0j)
YYXY	(0.023151738167034808+2.7755575615628914e-17j)
YYXZ	(0.16096357752523904+0j)
YYYI	(0.032835146092665704+0j)
YYYX	(0.27475081261391715+1.3877787807814457e-17j)
YYYY	(-0.27578037389795695+0j)
YYYZ	(0.029155274273039863+0j)
YYZI	(-0.018697429998172012+0j)
YYZX	(-0.05723021726662323+0j)
YYZY	(0.16972549118308677+0j)
YYZZ	(0.07400794576357972+0j)
YZII	(0.02047640631901662+0j)
YZIX	(0.09572612091906797-6.938893903907228e-18j)
YZIY	(0.0419087103081436+0j)
YZIZ	(-0.10046398645004283+0j)
YZXI	(-0.21668123989499824+0j)
YZXX	(0.16003855320292487+0j)
YZXY	(-0.058469112067856516+0j)
YZXZ	(-0.05092951985210423+0j)
YZYI	(-0.21097010789607912+0j)
YZYX	(0.28681287978372916+0j)
YZYY	(-0.2652614786067047+0j)
YZYZ	(0.12332807118185535+0j)
YZZI	(0.30350149283441386+0j)
YZZX	(-0.12658851087582357+6.938893903907228e-18j)
YZZY	(0.029592711837583947+0j)
YZZZ	(0.027067872349164815+0j)
ZIII	(0.025112143500403847+0j)
ZIIX	(0.04938203395482252+0j)
ZIIY	(-0.14997351382590035+0j)
ZIIZ	(-0.019916913126131544+0j)
ZIXI	(-0.14095285936713714+0j)
ZIXX	(0.07306935209510977+0j)
ZIXY	(-0.014915252059812936+0j)
ZIXZ	(0.08923938024024941+0j)
ZIYI	(0.09277707034505904+0j)
ZIYX	(-0.07310965357659847+0j)
ZIYY	(0.01915946238782963+0j)
ZIYZ	(0.13453166325134353+0j)
ZIZI	(-0.035512066645002324+0j)
ZIZX	(0.02788854289785117+0j)
ZIZY	(0.08805363803475029+0j)
ZIZZ	(0.02925357647881706+0j)
ZXII	(-0.038462288193648386+0j)
ZXIX	(0.020724165817010254+0j)
ZXIY	(-0.16885787146211134+0j)
ZXIZ	(0.12928902395881364+0j)
ZXXI	(0.225360469271285-1.3877787807814457e-17j)
ZXXX	(0.05856834669505171+0j)
ZXXY	(-0.14075999939510758-6.938893903907228e-18j)
ZXXZ	(-0.13658361275200753-1.3877787807814457e-17j)
ZXYI	(-0.06113984119867692+0j)
ZXYX	(-0.04816986724944923+6.938893903907228e-18j)
ZXYY	(0.006291484481450872+0j)
ZXYZ	(-0.21097199937259303+0j)
ZXZI	(0.20190876223954607+0j)
ZXZX	(-0.034140246129460594+0j)
ZXZY	(-0.05036556556427514+0j)
ZXZZ	(0.2082563219361746+0j)
ZYII	(-0.1212921074690014+0j)
ZYIX	(0.15723017005782897+0j)
ZYIY	(-0.050568704950531784+0j)
ZYIZ	(0.0617891019411754+0j)
ZYXI	(0.020491530347170425+0j)
ZYXX	(0.20497610438286268+6.938893903907228e-18j)
ZYXY	(0.037795291559609014+0j)
ZYXZ	(0.0373048324560528+0j)
ZYYI	(-0.18266870201465557+0j)
ZYYX	(0.038108400512225436+0j)
ZYYY	(-0.08167975731446668+6.938893903907228e-18j)
ZYYZ	(-0.08701376437229391+0j)
ZYZI	(0.0708312201273999+0j)
ZYZX	(-0.06357943202423356+0j)
ZYZY	(-0.09331348027006159+0j)
ZYZZ	(-0.0023613134469979147+0j)
ZZII	(0.12104805206523095+0j)
ZZIX	(-0.021214791611196562+0j)
ZZIY	(0.07706185889993734+0j)
ZZIZ	(0.13936652606223798+0j)
ZZXI	(-0.10714306137702662+0j)
ZZXX	(0.11868155069306904+0j)
ZZXY	(-0.023490516147362264+0j)
ZZXZ	(0.02661161178569932+0j)
ZZYI	(0.27272618991010833+0j)
ZZYX	(0.1341035477035009+0j)
ZZYY	(-0.003331473660541512+0j)
ZZYZ	(0.03323735356289624+0j)
ZZZI	(0.2724633598168974+0j)
ZZZX	(0.12348703067669835+0j)
ZZZY	(0.006633240862353548+0j)
ZZZZ	(-0.4204821745415216+0j)
",2173.9519271850586,3328,3200,13,-4.283770072959718
9,"IIIX	(1.002075765865506+0j)
IIIY	(-0.054380351358628135+0j)
IIIZ	(0.018409805216782982+0j)
IIXI	(0.7523634995794077+0j)
IIXX	(0.8723553924288776+0j)
IIXY	(0.14529518912304726+0j)
IIXZ	(-0.08151405497504821+0j)
IIYI	(-0.04344489803991307+0j)
IIYX	(0.19544788874172045+0j)
IIYY	(-0.27440246367061816+0j)
IIYZ	(-0.18562658003514204+0j)
IIZI	(0.0820523515631656+0j)
IIZX	(-0.1466459330223852+0j)
IIZY	(0.02852848484733024+0j)
IIZZ	(0.02304335779506611+0j)
IXII	(0.9947274811046599+0j)
IXIX	(0.8616130707643608+0j)
IXIY	(0.1659692503955647+0j)
IXIZ	(0.14736761684364644+0j)
IXXI	(0.7528947464137521+0j)
IXXX	(1.0426013335059894+0j)
IXXY	(-0.12300416375984256-5.551115123125783e-17j)
IXXZ	(-0.4104878346944001+0j)
IXYI	(0.29588986268062833+0j)
IXYX	(0.0694249490958986+0j)
IXYY	(0.005644493420927932+0j)
IXYZ	(0.17168577353178474+0j)
IXZI	(-0.3113462633042262+0j)
IXZX	(0.08091523579962434+0j)
IXZY	(0.07837400885677495+0j)
IXZZ	(-0.07417431337707023+0j)
IYII	(0.056861016270456366+0j)
IYIX	(-0.08658871901201873-1.3877787807814457e-17j)
IYIY	(0.2268637449141328+0j)
IYIZ	(0.10459796343583927+0j)
IYXI	(-0.06250403189603318+0j)
IYXX	(0.14171812963751818+0j)
IYXY	(-0.031388193835344205+0j)
IYXZ	(0.12030831969837844+0j)
IYYI	(-0.19680130411823163+0j)
IYYX	(-0.21293191217157503+0j)
IYYY	(0.1129555366165617+0j)
IYYZ	(0.2024930950284025+0j)
IYZI	(0.05927413651091573+0j)
IYZX	(-0.04733378716070191-1.3877787807814457e-17j)
IYZY	(0.19022363861869024+0j)
IYZZ	(-0.12591111295673213+0j)
IZII	(0.011852208995196581+0j)
IZIX	(-0.1906856415447779+0j)
IZIY	(0.05918141498505558+0j)
IZIZ	(0.2030442010361953+0j)
IZXI	(-0.03663981804338649+0j)
IZXX	(0.09912794721964452+0j)
IZXY	(0.13216646615511843+0j)
IZXZ	(0.09419865643304966+0j)
IZYI	(-0.004906584382085286+0j)
IZYX	(-0.08093511617946877+0j)
IZYY	(-0.09054956404638931+0j)
IZYZ	(-0.11654516841237038+0j)
IZZI	(-0.05450807644128429+0j)
IZZX	(0.11979795272318401+0j)
IZZY	(0.4047185762369872+0j)
IZZZ	(-0.26786756947948226+0j)
XIII	(1.2217195732334183+0j)
XIIX	(0.9576787521255594+0j)
XIIY	(-0.1634006116513569+0j)
XIIZ	(0.009241920475300425+0j)
XIXI	(0.9808225388986219+0j)
XIXX	(1.2658778899115326+0j)
XIXY	(-0.09259861301771845+5.551115123125783e-17j)
XIXZ	(0.1489387654098221+2.7755575615628914e-17j)
XIYI	(-0.31167364759196114+0j)
XIYX	(-0.08409432802899512+0j)
XIYY	(0.13063222531012147+0j)
XIYZ	(0.23282724691565387+0j)
XIZI	(0.057034958006848324+0j)
XIZX	(-0.02497843767448782+0j)
XIZY	(0.13750438163908912+0j)
XIZZ	(-0.16459476368213127+0j)
XXII	(0.877173704187695+0j)
XXIX	(0.9409603307008675+0j)
XXIY	(-0.0492968878927004+0j)
XXIZ	(0.10130589059760836+0j)
XXXI	(1.0450835296032088+0j)
XXXX	(0.9913915978685475+0j)
XXXY	(0.03564223763964258+0j)
XXXZ	(-0.051494029699567456+0j)
XXYI	(-0.07353684013707436+0j)
XXYX	(-0.21462257886986985+0j)
XXYY	(-0.17347943635938634+0j)
XXYZ	(0.18517453559492508-5.551115123125783e-17j)
XXZI	(0.01072226368542556+0j)
XXZX	(-0.2902101898348596+0j)
XXZY	(-0.009937836389812799+0j)
XXZZ	(0.012145251383803457+0j)
XYII	(-0.03665315829654055-6.938893903907228e-18j)
XYIX	(0.40751512656253175-6.938893903907228e-18j)
XYIY	(0.12764723952293977+0j)
XYIZ	(-0.014165242934546948+6.938893903907228e-18j)
XYXI	(-0.1674376780377558-6.938893903907228e-18j)
XYXX	(-0.013293287962526379+0j)
XYXY	(-0.36840678508435504+0j)
XYXZ	(0.0509501540224126+6.938893903907228e-18j)
XYYI	(-0.026930291887869766+0j)
XYYX	(0.02874891775473626+0j)
XYYY	(-0.10123882709338333+0j)
XYYZ	(-0.104824799026149+0j)
XYZI	(0.1447387337970208+6.938893903907228e-18j)
XYZX	(-0.08924987419865618+6.938893903907228e-18j)
XYZY	(-0.01052638485528333+0j)
XYZZ	(0.0772808043844138-6.938893903907228e-18j)
XZII	(0.017711515186018448+0j)
XZIX	(0.16492046376208325+0j)
XZIY	(0.08206204767149336+0j)
XZIZ	(-0.2518845021464542+0j)
XZXI	(0.083383235337381+0j)
XZXX	(0.23819481571705298+0j)
XZXY	(0.09386194124392933-1.3877787807814457e-17j)
XZXZ	(-0.005062525624596748+0j)
XZYI	(-0.03942337773378969-1.3877787807814457e-17j)
XZYX	(-0.19591150204799235-1.3877787807814457e-17j)
XZYY	(-0.14403601777697211+0j)
XZYZ	(0.05432514622885172+0j)
XZZI	(-0.06992023179612834+0j)
XZZX	(0.0407278603868666+0j)
XZZY	(-0.0026325514378799098+0j)
XZZZ	(0.09727941878959587+0j)
YIII	(0.0305721772224853+2.7755575615628914e-17j)
YIIX	(0.012146058826874057-2.7755575615628914e-17j)
YIIY	(0.22200909678294736+0j)
YIIZ	(0.20644486825746972+2.7755575615628914e-17j)
YIXI	(-0.20333486576631493+2.7755575615628914e-17j)
YIXX	(-0.05390955248525428+1.3877787807814457e-17j)
YIXY	(0.13504526593381+0j)
YIXZ	(-0.18275735356654826+2.7755575615628914e-17j)
YIYI	(-0.31798195802676166-1.3877787807814457e-17j)
YIYX	(-0.19629842488647448+0j)
YIYY	(-0.2939065267814478-1.3877787807814457e-17j)
YIYZ	(-0.3742828078336444+1.3877787807814457e-17j)
YIZI	(0.13700373794334103+0j)
YIZX	(-0.06550910201397306+2.7755575615628914e-17j)
YIZY	(-0.24352737224432333+0j)
YIZZ	(0.037218277490062804+0j)
YXII	(-0.02925934997012307+6.938893903907228e-18j)
YXIX	(-0.034750173371036364-6.938893903907228e-18j)
YXIY	(-0.12588902929646448+6.938893903907228e-18j)
YXIZ	(0.13132277335352494+2.0816681711721685e-17j)
YXXI	(-0.04169766540235245+6.938893903907228e-18j)
YXXX	(0.15372439224307524+6.938893903907228e-18j)
YXXY	(-0.036633434339825584+0j)
YXXZ	(-0.0007715141254412416-6.938893903907228e-18j)
YXYI	(-0.0729708786407714+0j)
YXYX	(-0.047691590992136275+0j)
YXYY	(0.08648632747879767-6.938893903907228e-18j)
YXYZ	(-0.08213358836804285+0j)
YXZI	(-0.13116119875593163+6.938893903907228e-18j)
YXZX	(0.15340747023682827-6.938893903907228e-18j)
YXZY	(-0.10328023141772977-6.938893903907228e-18j)
YXZZ	(-0.04786736504457155-6.938893903907228e-18j)
YYII	(0.18473367803101293+0j)
YYIX	(0.0448924698816066+0j)
YYIY	(0.02956763555553149+1.3877787807814457e-17j)
YYIZ	(0.13307711696591018+0j)
YYXI	(0.21875493265710183+0j)
YYXX	(-0.11081289487771653+0j)
YYXY	(0.06506059535717698+6.938893903907228e-18j)
YYXZ	(-0.029198317609959716+0j)
YYYI	(0.05969206515675979+0j)
YYYX	(-0.03663655619283804-6.938893903907228e-18j)
YYYY	(-0.024920705606977324+0j)
YYYZ	(0.03361864191400174+6.938893903907228e-18j)
YYZI	(-0.17676555732093335+0j)
YYZX	(0.22798519134904255+0j)
YYZY	(0.042429808900252775+1.3877787807814457e-17j)
YYZZ	(0.30118161876345273+0j)
YZII	(-0.21907736743833212+0j)
YZIX	(0.2157089773951454+0j)
YZIY	(-0.15634983373525874+1.3877787807814457e-17j)
YZIZ	(0.017893790542739443+0j)
YZXI	(0.2451095581281873+0j)
YZXX	(-0.15035384418164777+1.3877787807814457e-17j)
YZXY	(0.08888526941901245+6.938893903907228e-18j)
YZXZ	(0.0957245422154465+6.938893903907228e-18j)
YZYI	(0.1741336959437792+0j)
YZYX	(0.1592859956169056+0j)
YZYY	(-0.04238084515323303-6.938893903907228e-18j)
YZYZ	(-0.11212491662808649+0j)
YZZI	(0.06279805765832393+0j)
YZZX	(0.10750279067146337+0j)
YZZY	(-0.01811876989395228+1.3877787807814457e-17j)
YZZZ	(-0.10474324872462364+0j)
ZIII	(0.1339132888571573+0j)
ZIIX	(-0.08829980468368036+0j)
ZIIY	(0.011456865155569498+0j)
ZIIZ	(-0.0536314856572086+0j)
ZIXI	(-0.13445860639816617+0j)
ZIXX	(0.07590577134665023+0j)
ZIXY	(-0.016022678605330853+0j)
ZIXZ	(-0.03352176861121531+0j)
ZIYI	(0.20029235220426816+0j)
ZIYX	(0.2828363995658584+0j)
ZIYY	(-0.10019658888826143+0j)
ZIYZ	(-0.014958353723928328+0j)
ZIZI	(0.06513905035891593+0j)
ZIZX	(-0.04076286042102038+0j)
ZIZY	(0.11786039204243835+0j)
ZIZZ	(-0.1748133965464741+0j)
ZXII	(0.06439835355124185+0j)
ZXIX	(-0.042568691019828866+0j)
ZXIY	(0.056707519008700025+0j)
ZXIZ	(-0.10826255411389418+0j)
ZXXI	(0.02116505601414593+0j)
ZXXX	(-0.015531447892152654+0j)
ZXXY	(0.016269439490973328+0j)
ZXXZ	(0.11883298566360118+0j)
ZXYI	(0.05994601478215282+6.938893903907228e-18j)
ZXYX	(-0.3691699607389419+6.938893903907228e-18j)
ZXYY	(-0.1668249201509503-1.3877787807814457e-17j)
ZXYZ	(0.026332750257592172-6.938893903907228e-18j)
ZXZI	(0.02103597552377312+0j)
ZXZX	(-0.09454292182522438+0j)
ZXZY	(0.0326889282445246+0j)
ZXZZ	(-0.15580559163447089+0j)
ZYII	(0.011603117603615487+0j)
ZYIX	(0.09693391311983288+0j)
ZYIY	(-0.026458970459823164+0j)
ZYIZ	(-0.1203446920666274+0j)
ZYXI	(0.019006094965517195-6.938893903907228e-18j)
ZYXX	(0.008071046198374413+0j)
ZYXY	(0.34945837825074166+0j)
ZYXZ	(-0.04773216264662289+6.938893903907228e-18j)
ZYYI	(-0.0846976894747569+0j)
ZYYX	(-0.09826522942868932+0j)
ZYYY	(-0.06185800114777064+0j)
ZYYZ	(-0.0353364548050236+0j)
ZYZI	(-0.0798253229922245+0j)
ZYZX	(-0.06276578880831313+0j)
ZYZY	(-0.026995659212132525+0j)
ZYZZ	(0.06215752192133206+0j)
ZZII	(0.08095704255929563+0j)
ZZIX	(-0.1750414512598022+0j)
ZZIY	(-0.1669410553651983+0j)
ZZIZ	(0.003708961994346241+0j)
ZZXI	(-0.26775451382637444+0j)
ZZXX	(0.007877322814884652+0j)
ZZXY	(-0.05609228883424966+0j)
ZZXZ	(-0.18487609426892077+0j)
ZZYI	(-0.017719892058408446+0j)
ZZYX	(-0.11616271182194954+0j)
ZZYY	(0.06953377081455994+0j)
ZZYZ	(0.17867435149800415+0j)
ZZZI	(0.14239342461334564+0j)
ZZZX	(0.1506765670140383+0j)
ZZZY	(0.010514627228762258+0j)
ZZZZ	(0.20124273481410915+0j)
",2876.6793410778046,3328,3734,13,-5.078419364822042
