,Ham_0,Ham_1,Ham_2,Ham_3,Ham_4,Ham_5,Ham_6,Ham_7,Ham_8,Ham_9
0,"[[239, 2, 0j, (2.695615662274477+0j), (3.6057552847761336+0j), 1, 8], [0, 0, -2.260161198919133, -2.260161198919133, 0.0, 2, 247], [239, 2, 0.0, 1.5319514816213355, 1.8245971821035292, 1, 8], [0, 0, -0.17990058986917978, -0.17990058986917978, 0.6836848862684932, 2, 239], [239, 2, 0.0, 0.7282097172977975, 0.7282097172977975, 0, 0]]","[[247, 2, 0j, (3.5751436804027024+0j), (3.5751436804027024+0j), 0, 0], [0, 0, -1.500292881514512, -1.500292881514512, 0.0, 2, 247], [247, 2, 0.0, 1.8150762032230845, 1.8150762032230845, 0, 0], [143, 1, -0.6706120309835577, -0.3558287092749851, 0.05208277936945782, 3, 96], [143, 1, 0.0, -0.3147833217085726, -0.7226948103530155, 3, 96]]","[[199, 2, 0j, (2.2003421900771496+0j), (3.0352037416509106+0j), 4, 48], [0, 0, -1.7509530707682526, -1.7509530707682526, 0.0, 2, 247], [199, 2, 0.0, 1.2211101387528647, 1.5497899585612651, 3, 48], [16, 1, -0.47980039244416606, -0.4507101206198808, 0.4544503112462809, 4, 223], [223, 2, 0.0, 0.5298429320153881, 0.5589332038396733, 1, 16]]","[[223, 2, 0j, (2.5230840448749303+0j), (3.3429666120160793+0j), 3, 24], [0, 0, -1.3706106774963227, -1.3706106774963227, 0.0, 2, 247], [191, 2, 0.0, 1.2658816834774909, 1.7388216452289975, 3, 56], [16, 1, -0.8089422573694883, -0.7490866026262101, 0.1643329162670184, 2, 223], [63, 1, 0.0, 0.10472899401883176, -0.8086905248743966, 2, 176]]","[[231, 2, 0j, (3.3220091003881866+0j), (3.3742599348843294+0j), 1, 16], [0, 0, -2.12518383471342, -2.12518383471342, 0.0, 2, 247], [247, 2, 0.0, 1.7116972019678938, 1.7116972019678938, 0, 0], [64, 2, -0.24776225885106176, 0.1148166877609425, 0.7156681763318136, 4, 175], [175, 1, 0.0, 0.41348663274552644, 0.7760655793575306, 2, 64]]","[[231, 2, 0j, (2.5940011041392603+0j), (2.8805787221746972+0j), 1, 16], [0, 0, -1.5042646913666995, -1.5042646913666995, 0.0, 2, 247], [231, 2, 0.0, 1.3112794298778718, 1.4415731287625446, 1, 16], [32, 1, -0.6184416851690723, -0.4983658444105763, 0.27369443049054354, 3, 207], [79, 1, 0.0, 0.19298526148882755, -0.5790750134122923, 3, 160]]","[[231, 2, 0j, (2.36485141356467+0j), (2.562773948262916+0j), 2, 16], [0, 0, -1.4153092689735152, -1.4153092689735152, 0.0, 2, 247], [231, 2, 0.0, 1.2015857429411414, 1.2828621776302787, 2, 16], [48, 2, -0.2562813219577504, -0.09117782197567958, 0.5463662614640401, 4, 191], [175, 1, 0.0, 0.21372352603237366, -0.42382055740734603, 3, 64]]","[[239, 2, 0j, (2.912041875849157+0j), (2.986388033450949+0j), 1, 8], [0, 0, -1.7686603115340802, -1.7686603115340802, 0.0, 2, 247], [239, 2, 0.0, 1.4836529759404489, 1.5302635560367446, 1, 8], [16, 1, -0.5839543533732511, -0.5245560463557417, 0.2772075273835967, 5, 223], [127, 2, 0.0, 0.28500733559363134, -0.516756238145707, 2, 112]]","[[247, 2, 0j, (3.3420051783461675+0j), (3.3420051783461675+0j), 0, 0], [0, 0, -1.8243905809915177, -1.8243905809915177, 0.0, 2, 247], [247, 2, 0.0, 1.6774507358252402, 1.6774507358252402, 0, 0], [48, 1, -0.45284542974620395, -0.33209780878643924, 0.3705029035628754, 2, 191], [79, 1, 0.0, 0.14693984516627762, -0.5556608671830371, 2, 160]]","[[199, 2, 0j, (2.181784885558665+0j), (3.676676001131883+0j), 2, 48], [0, 0, -2.0643071934345123, -2.0643071934345123, 0.0, 2, 247], [207, 2, 0.0, 1.3203971114174853, 1.839082721366948, 2, 40], [0, 0, -0.3289741823378999, -0.3289741823378999, 0.5518076785561113, 3, 239], [239, 2, 0.0, 0.7439100820170271, 0.7439100820170271, 0, 0]]"
1,"[[247, 3, 0j, (2.2996581391580033+0j), (-2.3548155455766207+0j), 1, 4], [0, 0, -0.8208758385261052, -0.8208758385261052, 2.220446049250313e-16, 4, 251], [143, 3, 0.0, 1.2157405163176664, 2.0921336867567035, 5, 108], [67, 2, -1.7730291478085922, -1.3169873936989547, 0.34279065254469976, 6, 184], [67, 1, 0.0, -0.3948646777915612, -2.054642724035215, 6, 184]]","[[239, 8, 0j, (-1.5344195020700044+0j), (1.6197954278089024+0j), 4, 14], [0, 0, -0.4762048372516925, -0.4762048372516925, 4.440892098500626e-16, 4, 251], [99, 6, 0.0, 0.8561251223432453, 2.137862256743423, 7, 154], [31, 3, -2.17090491249807, -1.7909846274065173, -0.1183850563169826, 6, 216], [35, 3, 0.0, -0.3799202850915528, -2.052519856181087, 6, 216]]","[[195, 4, 0j, (-0.6851264267983195+4.331761326377338e-32j), (-1.8289621381773415-5.105077096554024e-32j), 3, 58], [0, 0, -0.6659383345019811, -0.6659383345019811, 2.220446049250313e-16, 6, 251], [59, 2, 0.0, 0.421077591931271, 1.9115635000946443, 3, 194], [0, 0, -1.9166810019434555, -1.9166810019434555, 0.18111904888620128, 3, 249], [45, 2, 0.0, 0.24486074257071044, -1.8529393082589463, 2, 208]]","[[239, 2, 0j, (-1.202542293821928+1.605170750519933e-17j), (-1.6193962592582072+4.724928521042237e-17j), 3, 12], [0, 0, -0.6572101840385507, -0.6572101840385507, 8.881784197001252e-16, 3, 251], [43, 1, 0.0, 0.6036517976911548, 1.8197326590966478, 7, 208], [8, 1, -2.0747568952844637, -2.068526672451097, -0.2764028441437727, 6, 239], [15, 1, 0.0, 0.05355838634739583, -1.738565441959928, 6, 232]]","[[227, 3, 0j, (1.3637493628897288+0j), (1.602440575445074+0j), 4, 24], [0, 0, -1.1007793337273764, -1.1007793337273764, 0.0, 2, 251], [99, 2, 0.0, 0.7615823496065347, 1.75717767860418, 2, 152], [0, 0, -1.9360774983277933, -1.9360774983277933, 0.11481668776094246, 2, 247], [71, 2, 0.0, 0.33919698412084187, -1.7116972019678938, 1, 176]]","[[203, 2, 0j, (1.173166884841156-3.9239597361971027e-19j), (-1.9332984587694206-2.654758282335807e-19j), 4, 48], [0, 0, -0.6176184013093284, -0.6176184013093284, 0.0, 2, 251], [83, 2, 0.0, 0.587363186572618, 2.0310944822904666, 9, 168], [0, 0, -1.839900489025159, -1.839900489025159, 0.02379632857750061, 7, 247], [23, 2, 0.0, 0.03025521473671078, -1.8334416028659486, 6, 224]]","[[223, 2, 0j, (1.310363316628651+0j), (-1.6862187262520725+0j), 3, 28], [0, 0, -0.8207761123489792, -0.8207761123489792, 0.0, 2, 251], [119, 2, 0.0, 0.6718862887211227, 1.5809455257221485, 8, 132], [16, 2, -1.4726987463690304, -1.4416533885446778, 0.23611121633360674, 4, 231], [79, 1, 0.0, 0.1488898236278568, -1.5288747812504278, 4, 168]]","[[251, 2, 0j, (-1.8593422505587747+0j), (-1.8593422505587747+0j), 0, 0], [0, 0, -0.8542432850544075, -0.8542432850544075, 0.0, 2, 251], [99, 2, 0.0, 0.9330011831098347, 2.0364243783249774, 9, 152], [15, 1, -2.0082090222961906, -1.9294511242407635, -0.012879117141437304, 8, 232], [15, 1, 0.0, -0.07875789805542713, -1.9953299051547533, 8, 232]]","[[253, 6, 0j, (-2.6758635040140266+0j), (-2.6758635040140266+0j), 0, 0], [0, 0, -0.44204781056969944, -0.44204781056969944, 8.881784197001252e-16, 7, 253], [247, 4, 0.0, 2.245761196395477, 2.283341592814861, 1, 4], [223, 3, -2.00954854461168, -0.20583515878590208, -0.14157460213474593, 1, 28], [223, 3, 0.0, -1.8037133858257772, -1.8679739424769335, 1, 24]]","[[245, 3, 0j, (2.3453269758244017+1.0136414117699123e-32j), (-2.7299331889852527+9.475187093752724e-34j), 1, 8], [0, 0, -0.9606737895663726, -0.9606737895663726, 4.440892098500626e-16, 3, 251], [145, 3, 0.0, 1.1960531300013435, 1.916389913046349, 7, 108], [33, 3, -1.6493712937553848, -1.4139919533204133, -0.1355193255631807, 6, 220], [33, 1, 0.0, -0.2353793404349711, -1.5138519681922036, 6, 220]]"
2,"[[215, 2, 0j, (1.3401578017351845+0j), (2.263130489611003+0j), 6, 38], [0, 0, -0.3867907479026864, -0.3867907479026864, 8.881784197001252e-16, 4, 253], [35, 2, 0.0, 0.773819977981539, 2.4187541675676836, 8, 218], [19, 1, -2.533700894325673, -2.1466716642468207, -0.21680629183358008, 8, 232], [19, 1, 0.0, -0.3870292300788519, -2.3168946024920922, 8, 232]]","[[253, 5, (-4.338380714009237e-17-8.739103511574159e-33j), (1.886460267808834+2.3122483675339754e-35j), (1.886460267808834+2.3122483675339754e-35j), 0, 0], [0, 0, -0.568669119344408, -0.568669119344408, 0.0, 6, 253], [97, 5, 1.7368919291172982e-16, 1.066584777981067, 2.4887324965179163, 6, 156], [39, 2, -2.648016166248243, -2.150100507611584, -0.1661799597317366, 5, 212], [39, 4, -4.315103419237397e-17, -0.49791565863665854, -2.4818362065165056, 6, 214]]","[[246, 2, 0j, (1.8811748623194833+3.057719964354682e-32j), (2.3431155763994376-1.9448010241771483e-32j), 2, 8], [0, 0, -0.5682240771850382, -0.5682240771850382, 4.440892098500626e-16, 2, 253], [122, 2, 0.0, 1.0625942880938752, 3.0716829417488185, 6, 132], [41, 2, -2.401511153816899, -1.9071409429080626, 0.5469935739056313, 5, 212], [41, 2, 0.0, -0.49437021090883665, -2.948504727722531, 5, 212]]","[[254, 2, (1.6537650385500545e-16-1.0788618637135181e-32j), (2.2553690430569833+5.954167247267875e-17j), (2.2553690430569833+5.954167247267875e-17j), 0, 0], [0, 0, -0.5676577962157334, -0.5676577962157334, 0.0, 2, 254], [166, 2, 1.3104539224779463e-16, 1.4039336412933674, 2.960199190858352, 5, 88], [75, 2, -2.672505532479348, -1.8362296874017139, 0.26430542053867756, 5, 176], [75, 3, -5.834620025784645e-18, -0.8362758450776338, -2.9368109530180253, 4, 178]]","[[245, 5, 0j, (-1.3533961809433093+0j), (1.6005233948522963+0j), 2, 8], [0, 0, -0.25398405185426887, -0.25398405185426887, 4.440892098500626e-16, 3, 253], [69, 5, 0.0, 1.028466552191344, 3.1478569767275273, 8, 184], [43, 3, -2.839856095458893, -2.065373595121817, 0.25973892996003684, 7, 208], [43, 5, 0.0, -0.7744825003370748, -3.0995950254189286, 7, 208]]","[[249, 5, 0j, (1.659484584735207-1.1873699249193666e-16j), (-1.6908353408977945+2.3822861311102834e-17j), 1, 5], [0, 0, -0.3447703947244398, -0.3447703947244398, 8.881784197001252e-16, 4, 253], [165, 5, 0.0, 1.1708355896786924, 3.0811296920598794, 5, 88], [127, 4, -2.448871692163353, -1.6228064972091003, 0.6262437872130208, 5, 124], [127, 5, 0.0, -0.8260651949542515, -3.075115479376373, 5, 124]]","[[251, 2, 0j, (2.781411071555395-1.1846456438084666e-32j), (2.8140978031727037-1.0626887367356023e-32j), 1, 2], [0, 0, -1.07894476776629, -1.07894476776629, 8.881784197001252e-16, 3, 254], [152, 6, 0.0, 1.435747126123551, 2.2047330496164106, 2, 102], [43, 3, -2.1135905793234717, -1.7567882209662111, -0.028286473064110754, 4, 210], [45, 3, 0.0, -0.35680235835726104, -2.085304106259362, 4, 208]]","[[221, 2, 0j, (-1.1167083672744755+0j), (1.6814679965518606+0j), 4, 32], [0, 0, -0.18331799649487301, -0.18331799649487301, 0.0, 2, 253], [71, 3, 0.0, 0.9419830262921259, 2.5979891259757717, 9, 182], [47, 2, -2.8640803535932347, -2.105415323795982, -0.28921265107197097, 6, 204], [47, 2, 0.0, -0.7586650297972524, -2.5748677025212636, 6, 204]]","[[251, 3, 0j, (1.719276443275046+4.433987611495275e-17j), (1.8819044794719493-2.8557336978233833e-17j), 1, 2], [0, 0, -0.3449506523473218, -0.3449506523473218, 1.3322676295501878e-15, 4, 254], [102, 5, 0.0, 1.2436109611862651, 2.3780777735748795, 4, 152], [43, 2, -2.610080399010967, -1.7114200901720236, -0.24984564424991182, 4, 208], [45, 2, 0.0, -0.8986603088389422, -2.360234754761054, 4, 208]]","[[237, 2, 0j, (-1.6162560513668267-2.8389214429593356e-18j), (1.830831374564988-4.85122486550328e-18j), 3, 16], [0, 0, -0.5992290423001503, -0.5992290423001503, 4.440892098500626e-16, 3, 253], [56, 1, 0.0, 0.8445404674861777, 3.0545954306750853, 9, 198], [7, 1, -2.623470057680389, -2.3781586324943618, 0.360195582298699, 4, 244], [9, 1, 0.0, -0.2453114251860274, -2.9836656399790877, 4, 244]]"
3,"[[254, 2, 0j, (-2.405179251650701+3.071082568657589e-17j), (-2.405179251650701+3.071082568657589e-17j), 0, 0], [0, 0, -0.3696468989628876, -0.3696468989628876, 1.7763568394002505e-15, 4, 254], [206, 2, 0.0, 2.141044118720647, 2.571575619127871, 2, 48], [167, 2, -2.955531306093841, -1.1841340863360823, -0.42507085907621034, 3, 86], [167, 2, 0.0, -1.7713972197577579, -2.530460447017631, 3, 86]]","[[239, 5, (2.761830366707045e-16-1.3999642849806594e-33j), (1.5481299917791824-1.6195897777120482e-32j), (-2.2798419196700994+2.2981264941970134e-32j), 2, 15], [0, 0, -0.34870776176034957, -0.34870776176034957, -4.440892098500626e-16, 7, 254], [41, 3, 1.4258618504953488e-16, 1.033492511515732, 3.4056726816067253, 6, 213], [30, 3, -3.2720557148000724, -2.5872709650446897, 0.12742252947464022, 4, 224], [29, 3, 3.551834358211654e-17, -0.6847847497553831, -3.3994782442747127, 4, 225]]","[[254, 7, (-5.542534363179328e-16-2.49203715968344e-32j), (2.627688511448616+1.415577867835668e-32j), (2.627688511448616+1.415577867835668e-32j), 0, 0], [0, 0, -0.45760409895464615, -0.45760409895464615, 1.7763568394002505e-15, 7, 254], [205, 3, 2.772882845398698e-16, 2.1149157580772564, 3.0849442239214695, 5, 49], [167, 3, -3.0422499687313835, -1.3849383096087737, -0.003936096521360413, 5, 86], [167, 3, 9.464397788796743e-18, -1.657311659122609, -3.038313872210023, 5, 86]]","[[254, 7, (6.069659843568729e-16-5.6449086564846894e-33j), (1.5169653346602756-4.439207992889937e-17j), (1.5169653346602756-4.439207992889937e-17j), 0, 0], [0, 0, -0.27252311001190055, -0.27252311001190055, -4.440892098500626e-16, 8, 254], [69, 5, 3.4234396095368347e-16, 1.1917609521306907, 3.051566156561232, 6, 185], [40, 4, -3.2462483454200384, -2.3270105033012483, -0.20717186294836112, 6, 214], [39, 4, -1.584217821509411e-16, -0.9192378421187903, -3.039076482471677, 6, 214]]","[[229, 5, 0j, (1.33342156649511+0j), (2.2243795515747906+0j), 5, 25], [0, 0, -0.3518742159002013, -0.3518742159002013, 8.881784197001252e-16, 4, 254], [26, 3, 0.0, 0.8075595008574544, 3.182270907549122, 6, 228], [7, 2, -3.1018860537610404, -2.646200768803787, -0.01219774123154102, 7, 246], [7, 2, 0.0, -0.4556852849572529, -3.0896883125294994, 7, 246]]","[[254, 5, (2.8552804128505716e-16+3.3207862818239734e-32j), (-1.7626029713242048+2.8121591592877966e-17j), (-1.7626029713242048+2.8121591592877966e-17j), 0, 0], [0, 0, -0.3346094918304381, -0.3346094918304381, 4.440892098500626e-16, 5, 254], [139, 3, 1.7011271366690427e-16, 1.3278998987625503, 3.129737025811603, 8, 115], [75, 4, -2.971266783096389, -1.977976376164277, 0.12768192014079777, 6, 179], [76, 3, 9.250280947678201e-17, -0.9932904069321128, -3.098948703237188, 6, 178]]","[[253, 9, (2.0968143772478918e-17+4.636285118424994e-32j), (2.215822993170054+3.459012279093307e-33j), (2.215822993170054+3.459012279093307e-33j), 0, 0], [0, 0, -0.4648854209043636, -0.4648854209043636, 1.3322676295501878e-15, 8, 253], [139, 6, 5.806496567215256e-17, 1.5526259524620316, 3.1298279068478485, 10, 114], [45, 5, -3.320082636236111, -2.2323421046784437, -0.22319121696605346, 11, 208], [46, 5, -5.711063364376567e-17, -1.0877405315576674, -3.0968914192700576, 11, 208]]","[[252, 2, 0j, (-1.5749704435324847+9.874819244437908e-18j), (1.593738653871934+3.155583381505288e-18j), 1, 1], [0, 0, -0.23114639093034084, -0.23114639093034084, 4.440892098500626e-16, 2, 253], [113, 3, 0.0, 1.457002261271156, 2.836750852674706, 8, 140], [99, 3, -3.0515156080769197, -1.825659737736105, -0.24506037382645818, 7, 154], [99, 3, 0.0, -1.2258558703408138, -2.8064552342504614, 7, 154]]","[[251, 6, (-1.8025109064116671e-16+4.16230185252716e-33j), (-1.5141215931249334-1.1052990466731807e-18j), (1.5522779326484164-6.049573372093765e-18j), 2, 3], [0, 0, -0.30857697744145307, -0.30857697744145307, 2.6645352591003757e-15, 8, 254], [40, 3, 1.1103883984267664e-16, 1.0829725636701237, 2.5525799725032607, 6, 214], [11, 3, -2.975655598909753, -2.2012600126810824, -0.4895070847288605, 5, 242], [11, 2, -6.486146802435996e-17, -0.7743955862286689, -2.4861485141808912, 4, 242]]","[[254, 6, (-3.2226472790641307e-16-6.1142154653289795e-33j), (1.9200501691933591+3.6960454482243414e-17j), (1.9200501691933591+3.6960454482243414e-17j), 0, 0], [0, 0, -0.5025009416850295, -0.5025009416850295, 0.0, 6, 254], [75, 5, 1.6813376493023585e-16, 1.1683116010807084, 4.921922838888264, 6, 179], [16, 3, -3.233726832125296, -2.567916172729617, 1.6634318201982599, 6, 238], [15, 4, 4.801379173182636e-17, -0.6658106593956775, -4.897158652323555, 6, 239]]"
4,"[[233, 5, (1.9810193314928615e-07-1.4472486664548062e-16j), (-1.0700144883787959-1.6284569340204134e-17j), (-1.5355071715946043+1.0163416892349519e-17j), 4, 21], [0, 0, -0.21044440391219288, -0.21044440391219288, -3.1086244689504383e-15, 6, 254], [3, 1, 0.6708663497054331, 0.7852895879592987, 3.1151092266567564, 6, 251], [0, 0, -2.964711894429738, -2.964711894429738, -0.429563087339535, 6, 254], [0, 0, -0.5748451840471059, -0.5748451840471059, -3.1099939911373085, 6, 254]]","[[253, 3, (-9.500195002030976e-08+2.337575122456477e-17j), (-2.0681482498910757-6.484415247769628e-17j), (-2.071414893156251+2.5141518038784284e-17j), 1, 1], [0, 0, -0.31822693704963845, -0.31822693704963845, -1.7763568394002505e-15, 4, 254], [185, 1, 0.021586122769403287, 1.8392184052654335, 4.150108567636673, 4, 69], [124, 1, -3.641516395341319, -2.141273616438855, 0.47376071641012557, 3, 130], [124, 1, -0.02074868931333067, -1.5209914682157968, -4.136025801064776, 3, 130]]","[[253, 8, (-1.3006481296845562e-07-1.2097662680175012e-17j), (2.104091057553978+1.3075848904671454e-17j), (-2.140534171558997+1.1253147244791954e-17j), 1, 1], [0, 0, -0.2389066034215479, -0.2389066034215479, 4.440892098500626e-16, 8, 254], [227, 3, 0.2756077539654545, 2.4358392424265154, 3.125698253506399, 6, 27], [209, 4, -3.3598715980889233, -1.3317435839048382, -0.43282937562478946, 5, 45], [209, 4, -0.1688046248208817, -2.1969326390049666, -3.0958468472850162, 5, 45]]","[[238, 5, (-2.7019744081036023e-10+1.7394694039729918e-17j), (-0.9682604907712891-2.878128325208804e-17j), (-1.2857268764921497-1.0200751516416584e-17j), 3, 16], [0, 0, -0.20878333161512996, -0.20878333161512996, 1.3322676295501878e-15, 5, 254], [8, 2, 0.031522645082801594, 0.6656962792649794, 3.2824935280868934, 10, 246], [3, 3, -3.4895267557795284, -3.06269206319839, -0.2373803527201719, 11, 251], [3, 3, -0.030078255068710175, -0.4569129476498484, -3.2822246581280665, 11, 251]]","[[240, 4, (2.371337157192066e-08-6.047523795740378e-18j), (-1.050929765083451+8.351395062755002e-18j), (1.5021391803981672+3.2519541025456646e-17j), 2, 14], [0, 0, -0.11920267659372774, -0.11920267659372774, 4.440892098500626e-16, 5, 254], [57, 2, 0.05291834551958016, 1.2177688840041299, 3.3860050250353884, 10, 197], [43, 2, -3.4610798426869773, -2.406075419629995, -0.1496179606160344, 10, 211], [43, 2, -0.04356178435341896, -1.0985662074104021, -3.355023666424363, 10, 211]]","[[249, 3, (1.9882575863494623e-09-2.369094772552141e-17j), (1.7432739490244584+1.798865234918983e-16j), (2.183158140207334-9.947978156732146e-18j), 3, 5], [0, 0, -0.2408245200517647, -0.2408245200517647, 8.881784197001252e-16, 3, 254], [167, 6, 0.3167852997861471, 1.6978077328239294, 3.275700895149746, 6, 87], [130, 6, -3.032564092813048, -1.856477111209446, -0.038143846758241215, 8, 124], [130, 6, -0.280896231168563, -1.4569832127721645, -3.2753164772233703, 8, 124]]","[[254, 6, (-3.5516966853269995e-16+3.922678734810596e-33j), (2.1326442594905646-5.259717962569844e-33j), (2.1326442594905646-5.259717962569844e-33j), 0, 0], [0, 0, -0.39853379436030867, -0.39853379436030867, -8.881784197001252e-16, 6, 254], [124, 5, 3.772055374324393e-16, 1.625799477948617, 4.481007237729798, 9, 130], [43, 5, -3.8091554312233566, -2.581889747635048, 0.6650096298111616, 11, 210], [44, 5, 3.3278768623296204e-16, -1.2272656835883096, -4.474165061034519, 10, 210]]","[[254, 5, 0j, (-1.6747909852724605+4.508824725399223e-17j), (-1.6747909852724605+4.508824725399223e-17j), 0, 0], [0, 0, -0.1505584790385357, -0.1505584790385357, 8.881784197001252e-16, 6, 254], [212, 3, 0.0, 2.404046159740303, 2.90084637614211, 5, 42], [195, 3, -3.2953780269583555, -1.041890346256588, -0.43647601832696836, 5, 58], [195, 3, 0.0, -2.253487680701766, -2.8589020086313868, 5, 58]]","[[253, 8, (-1.5353647732273474e-07-2.2938231677019388e-17j), (1.3221083998595318+2.194264900519637e-17j), (1.3573094832478367-1.2785847157906322e-17j), 1, 1], [0, 0, -0.1528287924692031, -0.1528287924692031, -8.881784197001252e-16, 7, 254], [101, 4, 0.4756524405459754, 1.506094786246309, 3.1544484283955403, 4, 153], [77, 4, -2.8376416710967733, -1.9600214260408246, -0.214258412604399, 3, 177], [77, 4, -0.47564574872115756, -1.3532659937771039, -3.0990290072135314, 3, 177]]","[[249, 7, (-3.9657082784305686e-08+3.9818271781346485e-17j), (-1.829275838852462+2.6639645457185348e-17j), (-2.1193719323813247+5.962343953274571e-19j), 3, 5], [0, 0, -0.2992243093682747, -0.2992243093682747, -4.440892098500626e-16, 5, 254], [86, 5, 0.16787937773365194, 1.5474974491953088, 4.170044175427908, 8, 168], [46, 5, -3.6813373539577787, -2.5583056338216563, 0.36206950635361823, 7, 208], [46, 5, -0.1252414196909118, -1.2482731398270344, -4.16864828000231, 7, 208]]"
5,"[[254, 6, (5.452903602612413e-09+5.179484724800794e-18j), (-1.842121026416005+6.022822545927292e-18j), (-1.842121026416005+6.022822545927292e-18j), 0, 0], [0, 0, -0.1935160765522328, -0.1935160765522328, -4.440892098500626e-16, 6, 254], [196, 4, 0.3978514273204459, 2.288701168029488, 3.23894765155345, 6, 58], [167, 4, -3.4018737197124556, -1.6874991003724018, -0.5752096711488847, 5, 87], [167, 4, -0.3808104721372017, -2.095185091477255, -3.2074745207007727, 5, 87]]","[[253, 4, (-9.680097293185419e-08-4.001357573132594e-17j), (-2.210105347874703-9.928901512897717e-17j), (-2.3779788894622285+2.3459292223251492e-17j), 1, 1], [0, 0, -0.21116456918294535, -0.21116456918294535, 0.0, 5, 254], [212, 2, 0.04947916130134521, 2.9970271346935213, 4.392443257475637, 3, 42], [206, 2, -3.988464645841264, -1.2246998474354047, 0.34547096380522513, 3, 48], [206, 2, -0.022097767104715973, -2.785862565510576, -4.356033376751205, 3, 48]]","[[254, 4, (1.194531270343191e-06+1.8201959433829614e-17j), (-1.8966581966650875+5.1596767925229745e-17j), (-1.8966581966650875+5.1596767925229745e-17j), 0, 0], [0, 0, -0.21716414274766382, -0.21716414274766382, -6.52811138479592e-14, 4, 254], [163, 5, 0.20076400498575617, 2.1792003312888624, 3.6041916114659274, 4, 91], [131, 5, -3.794733581931689, -2.0322646645370757, -0.4140440533743876, 3, 123], [131, 5, -0.19956727114658573, -1.9620361885411979, -3.5802567997038857, 3, 123]]","[[245, 8, (-1.5420718975540926e-07-7.760640962347648e-17j), (1.2047876211757675-6.071222736472439e-17j), (1.5841477099308285+1.305276516894899e-17j), 3, 9], [0, 0, -0.1318417943020438, -0.1318417943020438, -3.9968028886505635e-15, 8, 254], [70, 4, 0.017107465222014177, 1.4421093241806815, 3.2727074351269163, 10, 184], [48, 4, -3.7704320657920354, -2.4667746025708377, -0.506842151496423, 10, 206], [48, 4, -0.006610066657441057, -1.3102675298786393, -3.270199980953053, 10, 206]]","[[247, 3, (3.086884952176223e-09-4.068947405946392e-17j), (1.2547223214548835+9.940479048298027e-19j), (-1.7203136151743739+6.581388059462603e-17j), 1, 7], [0, 0, -0.1633863259107935, -0.1633863259107935, 4.440892098500626e-16, 3, 254], [56, 2, 0.312888339880652, 1.2861453219572936, 3.926997928199001, 13, 198], [38, 2, -3.32992180933567, -2.5089851570986763, 0.28564824689270285, 11, 216], [38, 2, -0.30182234380950684, -1.1227589960465012, -3.917392400037879, 11, 216]]","[[251, 2, (-6.877374048031015e-08+2.890242686103419e-17j), (1.4864177102184755+2.4168020497844995e-17j), (1.785341894580112+8.547504564905696e-17j), 2, 3], [0, 0, -0.2819396605526099, -0.2819396605526099, 1.3322676295501878e-15, 2, 254], [30, 4, 0.5593462469606003, 1.120540070997563, 3.3866081425828036, 12, 224], [9, 3, -3.065185936687177, -2.7858513594214136, -0.28876411836737875, 11, 245], [9, 3, -0.5592658331791881, -0.8386004104449506, -3.3356876514989873, 11, 245]]","[[254, 3, (8.285866780587797e-08+7.375846105567449e-17j), (-1.6982863513246187+2.821632253974941e-17j), (-1.6982863513246187+2.821632253974941e-17j), 0, 0], [0, 0, -0.14675532280685477, -0.14675532280685477, 3.552713678800501e-15, 4, 254], [201, 3, 0.03714728526570088, 2.5299976973350535, 6.607026962538336, 7, 53], [189, 3, -4.234171961828099, -1.8619208954181576, 2.3444487294212424, 7, 65], [189, 3, -0.010991308118256465, -2.3832423745281974, -6.5896119993676, 7, 65]]","[[254, 5, (1.3136438889969904e-07+8.07751056628724e-17j), (1.4053529902503434+3.585786314227779e-17j), (1.4053529902503434+3.585786314227779e-17j), 0, 0], [0, 0, -0.12751824564180758, -0.12751824564180758, -1.3322676295501878e-15, 5, 254], [147, 3, 0.016244351540794975, 1.9997732763888854, 2.8353374464870225, 8, 107], [134, 3, -3.4809099733617925, -1.6245956984886896, -0.6636708733224134, 9, 120], [134, 3, -0.01594075587397475, -1.872255030747078, -2.8331798559133543, 9, 120]]","[[251, 3, (5.925236675147281e-08-4.2039527891863074e-17j), (1.7267247703265065-3.6800393676089864e-17j), (-1.9535097390826708+1.6527009466037352e-17j), 1, 3], [0, 0, -0.20238114436750987, -0.20238114436750987, -4.440892098500626e-16, 4, 254], [168, 5, 0.7062393402865094, 1.942751974665985, 3.3132091416876444, 3, 86], [146, 7, -2.7755828233904563, -1.7374135536240327, -0.26329349598929863, 4, 108], [146, 7, -0.7022015605320514, -1.7403708302984746, -3.2144908879332084, 4, 108]]","[[254, 4, (-1.5843711963755705e-07-3.1365586262815253e-17j), (-2.4014694863572252+1.7724858680409484e-17j), (-2.4014694863572252+1.7724858680409484e-17j), 0, 0], [0, 0, -0.3037846820251051, -0.3037846820251051, -3.552713678800501e-15, 4, 254], [201, 8, 0.2510882550090113, 2.5248953408100654, 4.497918487670892, 6, 53], [171, 9, -3.957767299196093, -1.9009700837814985, 0.3710679309438113, 7, 83], [171, 9, -0.1643134433703669, -2.2211106587849616, -4.493148673510272, 7, 83]]"
6,"[[249, 7, (6.668029157649857e-08+1.232624724247058e-17j), (-1.461023248114916-2.7331796014728206e-17j), (1.6458042906490253-7.677294582435041e-17j), 3, 5], [0, 0, -0.15867754724378003, -0.15867754724378003, -2.6645352591003757e-15, 9, 254], [75, 3, 0.86553855834793, 1.7608849096458348, 3.3897165671410967, 11, 179], [50, 3, -3.1442798354714303, -2.4072371945178097, -0.6332777682986197, 11, 204], [50, 3, -0.8651647214484347, -1.6022073624020565, -3.3761667886212474, 11, 204]]","[[242, 3, (5.9150920411754626e-08-1.40875260709835e-16j), (-1.3240514924030098-2.9808946247196095e-17j), (1.8116765554662608-7.68159270670989e-17j), 3, 12], [0, 0, -0.12209451577448771, -0.12209451577448771, -1.7763568394002505e-15, 3, 254], [117, 4, 0.25352432854940693, 1.8558784419642325, 4.51584166415691, 4, 137], [102, 4, -4.015053318619145, -2.491811248141992, 0.23281183349544485, 4, 152], [102, 4, -0.21054185571259326, -1.7337839261897452, -4.458407007827184, 4, 152]]","[[254, 7, (2.3610701598703043e-08-1.46775966969984e-17j), (-1.55095685716172-3.1402119504923175e-18j), (-1.55095685716172-3.1402119504923175e-18j), 0, 0], [0, 0, -0.14217980519403373, -0.14217980519403373, 8.881784197001252e-16, 7, 254], [158, 5, 0.1147170953085081, 2.1859007661143224, 4.071600061151152, 3, 96], [134, 5, -4.146188486415419, -2.1924275811439533, -0.18684748513199004, 3, 120], [134, 5, -0.08996005564882124, -2.0437209609202873, -4.049301056932252, 3, 120]]","[[253, 3, (6.1866620600288e-07-1.2549712599520333e-17j), (1.891704474192876+8.829973462380969e-17j), (-1.9214306638568042-3.68097735431455e-18j), 1, 1], [0, 0, -0.1834950978956318, -0.1834950978956318, -3.197442310920451e-14, 3, 254], [198, 3, 0.22044176919046254, 2.5295141832618757, 3.507753898285674, 10, 56], [175, 3, -3.7214149320423577, -1.5942624980090367, -0.4750362232794926, 9, 79], [175, 3, -0.21886665133292385, -2.3460190853662417, -3.4652453600957887, 9, 79]]","[[249, 5, (1.3357161848803756e-07-7.177853583821838e-17j), (1.0971259522742998-3.4383016147112184e-17j), (1.5458369322206156+2.9642755830400715e-17j), 3, 5], [0, 0, -0.1200061349128041, -0.1200061349128041, -3.1086244689504383e-15, 5, 254], [36, 1, 0.6701336536633102, 1.3137778807486518, 3.625040660616366, 9, 218], [28, 1, -3.1652427738722264, -2.6341608451201735, -0.20589024690074567, 7, 226], [28, 1, -0.6626898170837959, -1.1937717458358492, -3.622042344055277, 7, 226]]","[[252, 5, (-1.0650597128975675e-07+1.157841918844217e-17j), (1.2771960698319786+3.8016710710044364e-17j), (1.3082746926876612+8.304273478814448e-17j), 1, 2], [0, 0, -0.11408836561983904, -0.11408836561983904, -1.7763568394002505e-15, 5, 254], [123, 5, 0.6276502311092731, 1.8442879915145187, 3.7442447670379844, 12, 131], [100, 5, -3.3764090782515295, -2.2696115149364795, -0.2582138680079469, 12, 154], [100, 5, -0.6234020625796303, -1.730199625894681, -3.7415972728232116, 12, 154]]","[[251, 6, (3.4094738110575107e-08-4.2505313271331984e-17j), (1.6207288356037735-8.12152632559186e-17j), (1.6951417767003356+3.1492492707518596e-17j), 2, 3], [0, 0, -0.16213083658840333, -0.16213083658840333, -1.7763568394002505e-15, 6, 254], [164, 4, 0.33786837391533303, 2.106252308887139, 6.697318958245442, 7, 90], [147, 5, -4.069994480703209, -2.4566378450357353, 2.2673328120774405, 6, 107], [147, 5, -0.3307648366312643, -1.9441214722987383, -6.668092129411911, 6, 107]]","[[254, 8, (-1.8826223734244238e-07+7.274731305593069e-17j), (1.8280426755856567-3.2418060626828015e-17j), (1.8280426755856567-3.2418060626828015e-17j), 0, 0], [0, 0, -0.18954242108201447, -0.18954242108201447, -3.1086244689504383e-15, 6, 254], [189, 3, 0.36526189583388297, 2.298591867604105, 2.9108291304525022, 8, 65], [167, 3, -3.2935770662213235, -1.541033160771882, -0.7700393954748619, 9, 87], [167, 3, -0.35650554107264965, -2.1090494465220906, -2.880043211819112, 9, 87]]","[[254, 7, (7.773038532654784e-07+1.6783074033750614e-17j), (-1.8895578395923431-4.503744334387175e-17j), (-1.8895578395923431-4.503744334387175e-17j), 0, 0], [0, 0, -0.17207294252346372, -0.17207294252346372, -4.707345624410664e-14, 8, 254], [234, 4, 0.6556452118418331, 2.6797249216394112, 3.2455027067258095, 4, 20], [225, 4, -3.0982897189481484, -1.2195229251914894, -0.5731502230281725, 3, 29], [225, 4, -0.628885185359288, -2.5076519791159475, -3.1540246812792647, 3, 29]]","[[251, 4, (4.911836796782712e-07-5.1795741777508497e-17j), (1.466105666491858-1.3035818056559971e-18j), (1.536739690529114+1.0462204225486988e-17j), 1, 3], [0, 0, -0.1475541103872624, -0.1475541103872624, -1.687538997430238e-14, 3, 254], [101, 9, 0.5080443450436141, 1.8946902609306486, 4.499187421380523, 6, 153], [69, 9, -3.9294781488862287, -2.6854900363168674, 0.04278294650435246, 6, 185], [69, 9, -0.5031480379740272, -1.7471361505433873, -4.4754091333646056, 6, 185]]"
7,"[[250, 9, (-7.576130221786936e-08+7.507269843260989e-18j), (1.2787914257797026+6.700176404650681e-17j), (-1.5260795771245608+2.7138775089036112e-17j), 2, 4], [0, 0, -0.13103744636689996, -0.13103744636689996, -4.440892098500626e-15, 9, 254], [31, 3, 1.0704195418858957, 1.6254807378476797, 3.3142709977328075, 10, 223], [20, 4, -3.146553653727467, -2.6860372474807495, -0.8751208732399384, 11, 234], [20, 4, -1.033926885234065, -1.4944432914807828, -3.3053596657215967, 11, 234]]","[[254, 5, (7.469535719117903e-10-3.10016039894965e-17j), (-1.6755872723114753+4.599237486633874e-17j), (-1.6755872723114753+4.599237486633874e-17j), 0, 0], [0, 0, -0.12433016550529175, -0.12433016550529175, -1.7763568394002505e-15, 5, 254], [212, 4, 0.5198679573994858, 2.8848838249439153, 5.430840257296013, 4, 42], [207, 4, -3.861636865003875, -1.6200355956190682, 1.0269938880381801, 4, 47], [207, 4, -0.5189523900538172, -2.7605536594386244, -5.407583143095877, 4, 47]]","[[254, 7, (-8.293533156622512e-07-1.4338238747180963e-16j), (1.3011323807710617+7.071787905794856e-18j), (1.3011323807710617+7.071787905794856e-18j), 0, 0], [0, 0, -0.08984564526879968, -0.08984564526879968, -3.4638958368304884e-14, 6, 254], [185, 4, 0.5480731611003373, 2.4002755323093945, 4.437102977496872, 6, 69], [173, 4, -3.8721583708395135, -2.1012278536123374, 0.018758849150880497, 6, 81], [173, 4, -0.5394993698134176, -2.310429887040592, -4.430416589803813, 6, 81]]","[[254, 5, (3.3224318701872285e-07+3.837406580892942e-17j), (2.1960888481205543-6.670628788749011e-17j), (2.1960888481205543-6.670628788749011e-17j), 0, 0], [0, 0, -0.20076785697585287, -0.20076785697585287, -4.440892098500626e-15, 5, 254], [235, 3, 0.7233985283868011, 3.103109502619268, 3.4495868578005373, 4, 19], [225, 4, -3.4811036263874566, -1.2881133778734932, -0.743294249976724, 5, 29], [225, 4, -0.7093513971294516, -2.9023416456434163, -3.447160773540185, 5, 29]]","[[253, 5, (9.778604731502938e-10+3.822926987745585e-17j), (1.4194126866562553-1.1106265357252056e-16j), (-1.5397786444666226+2.910092039824336e-17j), 1, 1], [0, 0, -0.09906109843100674, -0.09906109843100674, 4.440892098500626e-16, 5, 254], [205, 1, 0.7465452534903546, 2.591815571983474, 3.6416660251734543, 7, 49], [197, 1, -3.2379771967639837, -1.476361757008129, -0.3274668512637172, 7, 57], [197, 1, -0.731139033796613, -2.4927544735524676, -3.64164937929688, 7, 57]]","[[254, 4, (-2.000600255597229e-07+9.247883633274017e-17j), (1.1963057660254661-2.6003274442665033e-16j), (1.1963057660254661-2.6003274442665033e-16j), 0, 0], [0, 0, -0.12712651373906425, -0.12712651373906425, -8.881784197001252e-16, 4, 254], [39, 4, 0.2748766631433782, 1.4707711670574146, 3.5856376409423745, 14, 215], [24, 3, -3.859927092441058, -2.7910760034436164, -0.5533763734174211, 17, 230], [24, 3, -0.2747935643209078, -1.3436446533183484, -3.5813442833445452, 17, 230]]","[[252, 7, (3.688131179208076e-07-2.890485012169712e-17j), (-1.6518005022943538+2.8430159004422844e-19j), (-1.7165249461459178-3.4631305142579824e-18j), 2, 2], [0, 0, -0.15490732555668973, -0.15490732555668973, -8.881784197001252e-15, 7, 254], [172, 5, 0.41379665669564625, 2.279128833380081, 6.611598457869256, 5, 82], [156, 5, -4.169160264649376, -2.45431671155938, 1.9911016867982372, 6, 98], [156, 5, -0.4093779547333974, -2.1242215078233904, -6.569639906181006, 6, 98]]","[[247, 7, (1.843225155284678e-07+9.926815492085174e-17j), (-0.9845439750663861+3.307324121423525e-17j), (-1.126210595315515+3.4284223326449194e-17j), 2, 7], [0, 0, -0.09035033827670302, -0.09035033827670302, 8.881784197001252e-16, 6, 254], [25, 3, 0.7763424675666807, 1.3862421442708546, 3.0747869709694706, 10, 229], [21, 3, -3.167480676578371, -2.6462041356228556, -0.868135970481966, 9, 233], [21, 3, -0.7746152650386339, -1.2958918059941489, -3.07395997113504, 9, 233]]","[[254, 4, (-3.899601368095492e-07+4.570367308931265e-17j), (0.9769831026668727+2.7194395843551734e-17j), (0.9769831026668727+2.7194395843551734e-17j), 0, 0], [0, 0, -0.06701947653402884, -0.06701947653402884, -9.325873406851315e-15, 5, 254], [93, 4, 0.9489309806598427, 1.8137683143168166, 3.3797352787921477, 3, 161], [74, 4, -2.996405944652745, -2.1976706873026437, -0.5685440568696719, 3, 180], [74, 4, -0.9480135804326886, -1.7467488377827878, -3.3758754682157592, 3, 180]]","[[254, 5, (-9.388070706939367e-08+1.7600078299939814e-16j), (1.3086422625493033-5.1979308234737606e-17j), (1.3086422625493033-5.1979308234737606e-17j), 0, 0], [0, 0, -0.07541486282292986, -0.07541486282292986, -8.881784197001252e-16, 5, 254], [209, 7, 0.8238300061478342, 2.876246989838985, 4.432024247507928, 7, 45], [208, 8, -3.848217504578474, -1.8643090919553014, -0.2379538802449987, 7, 46], [208, 8, -0.8169237143928838, -2.8008321270160557, -4.42718733872636, 7, 46]]"
8,"[[254, 8, (1.8662536113711603e-08+7.924623629774319e-17j), (1.2725281870006537+8.376672937814084e-18j), (1.2725281870006537+8.376672937814084e-18j), 0, 0], [0, 0, -0.09796486838668717, -0.09796486838668717, 6.217248937900877e-15, 8, 254], [120, 3, 1.3195345781280758, 2.115192512074583, 3.471987152690745, 14, 134], [95, 2, -3.058507577790453, -2.340078859679744, -0.8970576466333361, 13, 159], [95, 2, -1.2987989255771815, -2.0172276436878893, -3.460248856734297, 13, 159]]","[[253, 4, (-2.8148581583675725e-08+3.440176800479386e-17j), (1.657456253741453-2.7491367452628784e-17j), (-1.6605646210559946+8.992333628321374e-17j), 1, 1], [0, 0, -0.10990252433109315, -0.10990252433109315, 8.881784197001252e-16, 4, 254], [232, 3, 0.8091881432016365, 3.179494180750559, 5.276289486366687, 4, 22], [228, 3, -3.742204643142113, -1.4731928988684324, 0.7316628221532054, 4, 26], [228, 3, -0.8005799121457864, -3.0695916564194667, -5.2744473774411045, 4, 26]]","[[253, 6, (5.665057236647897e-07-1.0591208913541621e-17j), (0.8538768002256268+1.2880847006649286e-16j), (-0.8990317638712222-4.714941584479371e-17j), 1, 1], [0, 0, -0.0454823253863319, -0.0454823253863319, -1.865174681370263e-14, 7, 254], [101, 5, 0.7921284060112606, 2.026556886082597, 4.800446024482769, 7, 153], [94, 6, -3.768024579554274, -2.548873079187725, 0.2555302978361116, 7, 160], [94, 6, -0.7619230603297172, -1.9810745606962659, -4.7854779377201035, 7, 160]]","[[254, 14, (-1.399593734623117e-07-1.2938052344720001e-17j), (-1.2922852619421126-1.0659746195182652e-17j), (-1.2922852619421126-1.0659746195182652e-17j), 0, 0], [0, 0, -0.10321322196169103, -0.10321322196169103, -5.329070518200751e-15, 14, 254], [101, 3, 0.6717048838647659, 2.0741202561472467, 3.572138373997832, 7, 153], [85, 3, -3.832556977237947, -2.4809376524300464, -0.8830789624111067, 7, 169], [85, 3, -0.6192877093776582, -1.9709070341855606, -3.568765724204498, 7, 169]]","[[254, 6, (8.107913131993882e-07+1.2623129618177666e-17j), (-1.3338040992370745-2.164960767801522e-17j), (-1.3338040992370745-2.164960767801522e-17j), 0, 0], [0, 0, -0.06526418047143068, -0.06526418047143068, -3.8191672047105385e-14, 6, 254], [245, 5, 0.9815535150558579, 3.4400014969512918, 3.7459779275392378, 4, 9], [245, 3, -3.142537509948941, -0.7485152074462148, -0.3866227542982883, 4, 9], [245, 3, -0.98071501397714, -3.374737316479865, -3.7366297696277906, 4, 9]]","[[248, 7, (-5.911477552423758e-07-2.220715408736362e-17j), (0.9016360525764073+6.986870896365072e-17j), (-1.1708985642726784+9.540374681500404e-17j), 1, 6], [0, 0, -0.07073601680240493, -0.07073601680240493, -2.7533531010703882e-14, 7, 254], [33, 4, 0.25873453894819215, 1.4719550683859, 3.45808423688068, 13, 221], [22, 4, -4.031768221871208, -2.8834958870319713, -0.8294887614113238, 12, 232], [22, 4, -0.25294671674425756, -1.4012190515834944, -3.455226177204142, 12, 232]]","[[252, 8, (-1.0513875095714831e-07-1.7065270810853414e-17j), (1.6379739978307988+1.2319396179941137e-17j), (-1.6759795353874196-8.970093035772945e-17j), 2, 2], [0, 0, -0.1501792968688651, -0.1501792968688651, 3.552713678800501e-15, 10, 254], [165, 3, 0.8027620174843101, 2.3082193752906064, 6.944103557622462, 5, 89], [138, 3, -3.9648306818453403, -2.6090556040394475, 2.1763234296821232, 5, 116], [138, 3, -0.8022650006158472, -2.158040078421739, -6.943419112143315, 5, 116]]","[[254, 9, (-1.2926379326649862e-07-4.360470983231623e-17j), (-1.1738069985425441-2.9057469788931344e-17j), (-1.1738069985425441-2.9057469788931344e-17j), 0, 0], [0, 0, -0.08847972218098743, -0.08847972218098743, -1.7763568394002505e-15, 10, 254], [120, 4, 0.8794014348653048, 1.990763363686186, 3.3275172141120333, 9, 134], [99, 4, -3.1686289206555136, -2.142497131650063, -0.7173464993737928, 9, 155], [99, 4, -0.8761518524997478, -1.9022836415051971, -3.3274342737814684, 9, 155]]","[[253, 6, (-1.1033350708605737e-08-2.280299635509777e-17j), (0.9051701080085566-5.589177508387927e-17j), (0.9919886703765144-8.501065574792031e-18j), 1, 1], [0, 0, -0.054700596475010244, -0.054700596475010244, -4.440892098500626e-15, 5, 254], [102, 4, 0.9166113966651389, 1.8996628899443244, 3.737936346684899, 2, 152], [94, 4, -3.1207017169676923, -2.192327949992329, -0.3056621768554765, 2, 160], [94, 4, -0.9165885264939518, -1.8449622934693184, -3.7316280666061696, 2, 160]]","[[248, 7, (7.292022950466936e-07+6.821641859969566e-18j), (-0.8831458809685598+5.506889588451341e-17j), (-1.1989143937448248+3.848064229673212e-17j), 3, 6], [0, 0, -0.05410319539576136, -0.05410319539576136, -3.4638958368304884e-14, 6, 254], [38, 7, 0.9569066536792766, 1.8290400046823632, 4.421036004939555, 7, 216], [35, 6, -3.8222237063277196, -2.987983262491967, -0.34231844146719226, 7, 219], [35, 6, -0.9406963654508567, -1.7749368092866082, -4.420601630311383, 7, 219]]"
9,"[[248, 10, (4.040690908813094e-07-5.5220161640956435e-17j), (0.933438450630024+1.5797990115378864e-17j), (-1.0743778786468408+1.3341063605511754e-19j), 1, 6], [0, 0, -0.08428875681393144, -0.08428875681393144, -8.881784197001252e-15, 10, 254], [2, 2, 1.259943532114641, 1.3342908254087884, 3.2651662345423222, 6, 252], [0, 0, -3.2872931849624676, -3.2872931849624676, -1.2745899042945785, 6, 254], [0, 0, -1.2500020685948567, -1.2500020685948567, -3.2627053492627436, 6, 254]]","[[254, 4, (-3.226757371993516e-07+4.773917463419536e-17j), (-0.9998008741434083-1.8118925245308623e-17j), (-0.9998008741434083-1.8118925245308623e-17j), 0, 0], [0, 0, -0.07200742755143175, -0.07200742755143175, -2.6645352591003757e-15, 4, 254], [47, 3, 1.0310887891431215, 1.7712444763066857, 4.725697293282644, 3, 207], [36, 3, -3.647267796851147, -2.971538751444095, 0.05426311498021491, 3, 218], [36, 3, -1.023508003348202, -1.6992370487552537, -4.725038915179565, 3, 218]]","[[254, 4, (2.426666285554324e-07+3.1995765847425656e-17j), (-1.0906625186218122+4.144052471709272e-17j), (-1.0906625186218122+4.144052471709272e-17j), 0, 0], [0, 0, -0.053725733730937364, -0.053725733730937364, -1.7763568394002505e-15, 4, 254], [210, 5, 0.8944840348786047, 2.794495449334665, 5.014695011199736, 4, 44], [209, 5, -3.7317101103536054, -1.8642866365387964, 0.4062869575222008, 4, 45], [209, 5, -0.8733462417889181, -2.7407697156037267, -5.011343309664724, 4, 45]]","[[250, 7, (8.994642369027778e-09+2.02608683935667e-17j), (-0.8828696850352858+3.9625101820163565e-18j), (1.0377936348868397+9.547299935569939e-17j), 2, 4], [0, 0, -0.0582173131595507, -0.0582173131595507, 2.6645352591003757e-15, 8, 254], [32, 3, 0.8431926653100713, 1.7027063340827358, 3.6284942644081766, 6, 222], [26, 3, -3.7441358429878764, -2.94276645622977, -0.9588067426696681, 6, 228], [26, 3, -0.8431196341650774, -1.6444890209231842, -3.6284487344832854, 6, 228]]","[[254, 4, (-8.370977663818557e-07+1.280061980707072e-17j), (0.8244527973746105+2.5106919793291196e-18j), (0.8244527973746105+2.5106919793291196e-18j), 0, 0], [0, 0, -0.04955849169709303, -0.04955849169709303, -2.6645352591003757e-14, 4, 254], [77, 2, 0.9955769279979566, 1.7392241165009303, 3.626876775071895, 7, 177], [66, 2, -3.229469857684891, -2.5291591530140725, -0.5994041609388073, 7, 188], [66, 2, -0.9893549201330153, -1.6896656248038358, -3.6194206168791023, 7, 188]]","[[252, 10, (-9.457031253656822e-07-7.259594572653986e-17j), (-0.9536390168621789-2.7384084337889393e-17j), (1.0058777181279754+9.762973114753906e-17j), 1, 2], [0, 0, -0.043971167279179824, -0.043971167279179824, -6.217248937900877e-14, 10, 254], [186, 3, 0.3998177042190146, 2.607280194730549, 3.911014235759579, 4, 68], [185, 3, -3.972482070335293, -1.8052571601166862, -0.45934335973089124, 5, 69], [185, 3, -0.39608411723276515, -2.563309027451373, -3.9092228278371692, 5, 69]]","[[254, 5, (3.457875900961249e-07-8.467727888334282e-18j), (1.337175936610823+1.2750180499668555e-16j), (1.337175936610823+1.2750180499668555e-16j), 0, 0], [0, 0, -0.07381418337183643, -0.07381418337183643, -7.105427357601002e-15, 5, 254], [224, 3, 0.897501134804833, 3.0648473258205993, 6.35635973584597, 5, 30], [219, 3, -4.134038797998301, -2.031804687152712, 1.3322148834432683, 5, 35], [219, 3, -0.888799031603173, -2.991033142448763, -6.355052713044745, 5, 35]]","[[249, 7, (3.3205504648518847e-07+1.7098095784348508e-17j), (-0.9221665718258305+7.370515294103286e-17j), (-1.027363864426152-6.640984324336443e-17j), 4, 5], [0, 0, -0.06384259498303102, -0.06384259498303102, -1.1546319456101628e-14, 7, 254], [57, 6, 1.0789410658614513, 1.696936610581179, 3.5421817358321075, 11, 197], [47, 5, -3.0922181584479587, -2.5333728772738437, -0.6242937366398196, 11, 207], [47, 5, -1.0742487344240346, -1.6330940155981495, -3.5421731562321734, 11, 207]]","[[254, 4, (-1.8206671389964235e-07+2.572141848908056e-18j), (1.0328673491077025-4.970659365505384e-18j), (1.0328673491077025-4.970659365505384e-18j), 0, 0], [0, 0, -0.06316394086652277, -0.06316394086652277, -5.329070518200751e-15, 4, 254], [165, 3, 1.031568971338393, 2.1427844742226143, 3.8141163799431794, 2, 89], [147, 3, -3.0896143645609984, -2.040801012954525, -0.3147838091488166, 2, 107], [147, 3, -1.0308071817496205, -2.0796205333560955, -3.8056377371618, 2, 107]]","[[250, 10, (-5.986533934965177e-07+8.658637400966568e-17j), (0.956748877432526-5.421284219952563e-17j), (-1.2003314211767862-3.551977102353858e-17j), 3, 4], [0, 0, -0.05191123702715217, -0.05191123702715217, -1.7763568394002505e-14, 10, 254], [125, 7, 0.994425602827368, 2.230122931049482, 4.787284361487423, 10, 129], [119, 7, -3.8442719793106086, -2.6500179601999503, -0.045631040924529416, 11, 135], [119, 7, -0.9839576749116724, -2.1782116940223313, -4.7825986132977505, 11, 135]]"
10,"[[254, 7, (-4.008928794277389e-07-2.6490407857152905e-17j), (-0.9831370029746841+1.2041729321800652e-17j), (-0.9831370029746841+1.2041729321800652e-17j), 0, 0], [0, 0, -0.06103230431379014, -0.06103230431379014, -8.881784197001252e-15, 7, 254], [60, 5, 1.1656159469894305, 2.010120186211877, 3.4414945651036724, 10, 194], [53, 3, -3.472350140145903, -2.6871278591499683, -1.1947718960167144, 10, 201], [53, 3, -1.1638656009021517, -1.9490878818980841, -3.441443845031339, 10, 201]]","[[252, 7, (1.297739342702442e-06+3.1964360927746065e-17j), (0.7713906529111011+7.900600633452014e-17j), (-0.9307501898905557+1.14921663712285e-17j), 2, 2], [0, 0, -0.05224920613056483, -0.05224920613056483, -6.927791673660977e-14, 7, 254], [6, 2, 1.1646664308050245, 1.449695369651805, 4.654474984268676, 4, 248], [5, 2, -3.607677990596224, -3.369423932515931, -0.11530725517326726, 4, 249], [5, 2, -1.1591921054409466, -1.397446163521239, -4.651562840863904, 4, 249]]","[[252, 9, (-1.7480625609696265e-07-3.671759335458495e-17j), (-0.5772989011756781-7.684173302391802e-18j), (-0.6514813330816536+6.289062875433246e-17j), 1, 2], [0, 0, -0.021682139204533435, -0.021682139204533435, -5.329070518200751e-15, 10, 254], [68, 5, 0.9433940244957699, 1.9322037298707175, 4.632150216921484, 6, 186], [64, 5, -3.729616799329271, -2.752702773246891, -0.0311518964754536, 6, 190], [64, 5, -0.9336075645838069, -1.9105215906661854, -4.632072467437623, 6, 190]]","[[254, 4, (8.017351508377013e-08+3.082394251980776e-17j), (0.9568251800854476+1.78602291806937e-17j), (0.9568251800854476+1.78602291806937e-17j), 0, 0], [0, 0, -0.058328510854758875, -0.058328510854758875, 0.0, 4, 254], [66, 3, 0.9194499422459235, 1.9911430798251344, 3.746203360268327, 8, 188], [58, 3, -3.750861116773576, -2.7371175141221817, -0.9248122665015788, 8, 196], [58, 3, -0.919070966318982, -1.9328145689703744, -3.7451198165909787, 8, 196]]","[[251, 4, (-1.4718700291904696e-07-3.634104015889165e-18j), (0.6394529605167826-2.55754293156605e-17j), (-0.7671189872219055+9.864985788002231e-17j), 3, 3], [0, 0, -0.04912670240932471, -0.04912670240932471, -1.7763568394002505e-15, 4, 254], [0, 0, 1.0649855367472494, 1.0649855367472494, 3.7232960464825835, 6, 254], [0, 0, -3.2640608184503246, -3.2640608184503246, -0.5586925139629428, 6, 254], [0, 0, -1.015858834337925, -1.015858834337925, -3.7212271388253053, 6, 254]]","[[248, 10, (7.167716413458702e-07-4.0344532487181445e-17j), (-0.5033460437996646-5.391202123146502e-17j), (0.6310425380593603-2.4786253635436628e-17j), 4, 6], [0, 0, -0.0199453767328146, -0.0199453767328146, -4.3520742565306136e-14, 10, 254], [36, 3, 0.603940144241735, 1.5977920311816567, 3.9716563097656077, 11, 218], [34, 3, -3.8325270599996664, -2.8586112193785316, -0.46622435490424013, 12, 220], [34, 3, -0.6039308138277091, -1.5778466544488443, -3.9702335189231373, 12, 220]]","[[254, 7, (-5.191746939928188e-07-4.286174547526873e-17j), (0.9028885355014764+3.680078451346856e-17j), (0.9028885355014764+3.680078451346856e-17j), 0, 0], [0, 0, -0.03952837157741307, -0.03952837157741307, -1.4210854715202004e-14, 8, 254], [171, 3, 1.1404298052807338, 2.5976837755936053, 6.476668069452099, 7, 83], [165, 3, -4.008310043109458, -2.590264164457311, 1.3162032672403066, 7, 89], [165, 3, -1.140109525364045, -2.5581554040161922, -6.464622835713814, 7, 89]]","[[253, 4, (3.3715230168818167e-07-5.363182498443081e-17j), (1.2580355026162426+7.02726148807601e-17j), (-1.3129894027112854-2.790181176999101e-17j), 1, 1], [0, 0, -0.08621051825662462, -0.08621051825662462, -8.881784197001252e-15, 5, 254], [186, 4, 1.086722262809325, 2.3378561750371496, 3.7405740467724566, 9, 68], [168, 4, -3.161317710612408, -1.9902256401285972, -0.5080491288139017, 10, 86], [168, 4, -1.0805535862967153, -2.251645656780526, -3.7338221680952235, 10, 86]]","[[251, 5, (-7.969398856944032e-07+2.165594036026039e-17j), (-0.6320066337671394-2.926264913791521e-17j), (0.6512539781648435-1.7241536481583537e-17j), 1, 3], [0, 0, -0.027584919774835015, -0.027584919774835015, -3.197442310920451e-14, 5, 254], [72, 4, 1.0679099113735946, 1.8238049068422635, 3.9258049197209695, 2, 182], [68, 4, -3.1355225808191376, -2.4043704167680695, -0.27774334156886205, 2, 186], [68, 4, -1.065067823016356, -1.796219987067425, -3.922847062266633, 2, 186]]","[[253, 10, (1.4939350845288857e-07-1.1356270849925082e-17j), (-0.9733295612661231-4.090857205059439e-18j), (-0.983452801882273+7.169415627009621e-17j), 1, 1], [0, 0, -0.05585676118499805, -0.05585676118499805, 0.0, 9, 254], [96, 8, 1.1075919481569578, 2.148017369678236, 4.782356633183164, 11, 158], [86, 8, -3.786904089406669, -2.7954565702651597, -0.10742788860976775, 11, 168], [86, 8, -1.100713089351728, -2.0921606084932347, -4.78018929014863, 11, 168]]"
11,"[[254, 6, (-2.0031738500736473e-06-3.4133230190263117e-18j), (-0.7841996127538383+4.4760601431224876e-17j), (-0.7841996127538383+4.4760601431224876e-17j), 0, 0], [0, 0, -0.03754838061291377, -0.03754838061291377, -2.424727085781342e-13, 7, 254], [59, 6, 1.145346847795204, 2.0660296997486074, 3.326550973394484, 8, 195], [51, 6, -3.5822927155193827, -2.6975054944011663, -1.4003659208657937, 8, 203], [51, 6, -1.143694098017481, -2.0284813191356985, -3.325620892671069, 8, 203]]","[[254, 6, (4.0001291272406814e-08-2.6704905527678793e-17j), (-0.8047459427755503+2.2173069243209292e-17j), (-0.8047459427755503+2.2173069243209292e-17j), 0, 0], [0, 0, -0.03629207224707365, -0.03629207224707365, -3.552713678800501e-15, 6, 254], [119, 2, 1.2112717072032053, 2.248715938569622, 5.317102363695452, 3, 135], [111, 2, -3.6426706235479216, -2.6413230364437323, 0.46169409110838067, 3, 143], [111, 2, -1.2110762792183611, -2.2124238663225517, -5.315440993874662, 3, 143]]","[[254, 5, (-2.324778529093352e-07-5.29035691493693e-18j), (-0.5798548273133606-2.5905470673824654e-17j), (-0.5798548273133606-2.5905470673824654e-17j), 0, 0], [0, 0, -0.01916224015098056, -0.01916224015098056, 8.881784197001252e-16, 5, 254], [131, 5, 0.9637945386156958, 2.2029025826845956, 4.671559461268365, 7, 123], [123, 5, -3.735816678357268, -2.508498108900223, -0.0229963634412653, 7, 131], [123, 5, -0.9564217730765674, -2.18374034253361, -4.669242087992574, 7, 131]]","[[253, 6, (-8.077457866906713e-07-9.350090812998394e-18j), (-0.7926774583978462-2.452219578479895e-18j), (0.8002623763899802-1.6857400959556727e-17j), 1, 1], [0, 0, -0.031679073457032914, -0.031679073457032914, -5.684341886080802e-14, 5, 254], [171, 3, 1.080418142154518, 2.4951479747746768, 4.134955347479524, 12, 83], [168, 3, -3.661020675466383, -2.276836431912876, -0.6092161143814135, 11, 86], [168, 3, -1.0792846577641373, -2.463468901317643, -4.131089218849106, 11, 86]]","[[251, 8, (3.224275812729882e-07+1.5201664058971858e-17j), (0.6554429700151139-4.150650846085771e-17j), (0.7712534303507702-1.1144779882117823e-17j), 2, 3], [0, 0, -0.03219126968617747, -0.03219126968617747, -8.881784197001252e-15, 9, 254], [43, 2, 1.1170361582488786, 1.6842710871099966, 3.875178203905359, 6, 211], [37, 2, -3.2456613946504214, -2.7106177354754686, -0.490824002027507, 6, 217], [37, 2, -1.117036158248867, -1.6520798174238227, -3.8718735508717828, 6, 217]]","[[254, 7, (-6.346588984820073e-08+9.805906250077882e-18j), (-0.5598398051940904+1.89117543947142e-17j), (-0.5598398051940904+1.89117543947142e-17j), 0, 0], [0, 0, -0.021688315381553913, -0.021688315381553913, -1.7763568394002505e-15, 7, 254], [75, 3, 0.6328903604912803, 1.8172350758296008, 4.192994812659966, 12, 179], [72, 3, -3.832865385302179, -2.66944335123737, -0.2753739761046867, 12, 182], [72, 3, -0.6321247263832406, -1.7955467604480468, -4.189616135580731, 12, 182]]","[[246, 10, (3.683381149949261e-07+3.1061576055159676e-17j), (0.5683817055225465-4.8137415710311475e-17j), (0.7649747375470665-3.678525619072401e-18j), 1, 8], [0, 0, -0.024630456616939078, -0.024630456616939078, -2.6645352591003757e-15, 9, 254], [8, 2, 1.2083365052990467, 1.6518390513791832, 6.44549332016045, 12, 246], [6, 2, -4.00459835852327, -3.585374698369491, 1.223599311247882, 12, 248], [6, 2, -1.2079849346084612, -1.627208594762239, -6.43618260437961, 12, 248]]","[[253, 11, (4.0925292602023156e-07+5.729884348710034e-17j), (0.7261877486807892+1.0707580732446124e-17j), (-0.7313229009632117+6.460319311460908e-17j), 1, 1], [0, 0, -0.030846285333840484, -0.030846285333840484, -6.217248937900877e-15, 11, 254], [122, 5, 1.1476444005981827, 2.152425380645858, 3.4937211652221665, 11, 132], [115, 5, -3.2473849115630093, -2.2734132842388375, -0.905327291702552, 12, 139], [115, 5, -1.1476074679878447, -2.121579095312015, -3.489665087848301, 12, 139]]","[[249, 6, (-3.38141854959971e-07-2.0889087962913505e-17j), (-0.5791786360715836-7.21282915788874e-18j), (0.6560160169408042+7.251104137607501e-17j), 4, 5], [0, 0, -0.025281613368675515, -0.025281613368675515, -7.105427357601002e-15, 6, 254], [43, 5, 1.0472652344571842, 1.6711974007098724, 3.760843383563365, 2, 211], [42, 5, -3.1888372586379266, -2.5887099675607224, -0.4747306486147665, 2, 212], [42, 5, -1.04578849626399, -1.645915787341199, -3.759895106287152, 2, 212]]","[[254, 8, (2.4687855794511444e-07+6.660954061342353e-18j), (1.0108076626968363-2.3410865529624343e-17j), (1.0108076626968363-2.3410865529624343e-17j), 0, 0], [0, 0, -0.04257929112448888, -0.04257929112448888, -8.881784197001252e-16, 8, 254], [209, 5, 1.2751185417701676, 3.0207880636411173, 4.740742967824367, 7, 45], [209, 5, -3.703774272595154, -2.0005594922807197, -0.24818367578841055, 7, 45], [209, 5, -1.2749939922021911, -2.9782087725166266, -4.730584589008938, 7, 45]]"
12,"[[254, 6, (1.87716924676673e-06-3.680294935767476e-19j), (-0.6846233902901099+1.5338213267112224e-17j), (-0.6846233902901099+1.5338213267112224e-17j), 0, 0], [0, 0, -0.023720691790103388, -0.023720691790103388, -1.9273471707492718e-13, 7, 254], [141, 4, 1.1968584951439087, 2.481798779181801, 3.581931623345266, 8, 113], [137, 4, -3.606914513377105, -2.3419617355669966, -1.218711545773193, 8, 117], [137, 4, -1.193125309581584, -2.4580780873916916, -3.5813282771854973, 8, 117]]","[[249, 4, (-1.3508188528854603e-07-7.516075850540413e-17j), (0.4851494549573915+7.707104400144464e-18j), (-0.5675606508482457+4.7928101998710486e-17j), 4, 5], [0, 0, -0.01938507016256885, -0.01938507016256885, 1.7763568394002505e-15, 5, 254], [8, 1, 1.1736965948860731, 1.5274197838836734, 5.2975352573816545, 5, 246], [8, 1, -3.7276680170700325, -3.3917290605283115, 0.3946182797691387, 5, 246], [8, 1, -1.1720957571793778, -1.5080347137211012, -5.294382054018547, 5, 246]]","[[251, 5, (5.55497722372171e-07-8.550834276546138e-18j), (-0.4786830669421962-6.008132968234168e-18j), (-0.542669205860463+2.3212561951486607e-17j), 2, 3], [0, 0, -0.018930056886973468, -0.018930056886973468, -1.687538997430238e-14, 6, 254], [7, 3, 1.103694713143891, 1.5225183168284202, 4.317323349718781, 8, 247], [7, 3, -3.6268345692060167, -3.226641635786947, -0.41379535028847153, 8, 247], [7, 3, -1.1033953265223775, -1.5035882599414472, -4.316434545439921, 8, 247]]","[[254, 6, (-5.9820260775445e-07-1.7442751752070077e-18j), (1.071483260216307+2.0516666809880544e-17j), (1.071483260216307+2.0516666809880544e-17j), 0, 0], [0, 0, -0.04010560959047105, -0.04010560959047105, -2.1316282072803006e-14, 5, 254], [235, 4, 1.1530159520030536, 3.598343936158074, 4.204993602181335, 4, 19], [235, 4, -3.6290127089237796, -1.2237846956006486, -0.5913027621701255, 4, 19], [235, 4, -1.1530103132444742, -3.5582383265676065, -4.190720259998129, 4, 19]]","[[254, 5, (1.4125333319681133e-07-8.153570837382211e-17j), (0.6046847656158589-3.5745344190581486e-17j), (0.6046847656158589-3.5745344190581486e-17j), 0, 0], [0, 0, -0.022984992360687073, -0.022984992360687073, -4.440892098500626e-15, 5, 254], [99, 4, 1.1660308205372294, 1.9999838345181946, 3.811794010268546, 6, 155], [90, 4, -3.2645026137149737, -2.453337421885105, -0.6189097834714165, 6, 164], [90, 4, -1.1658336503276407, -1.9769988421575073, -3.811426480571195, 6, 164]]","[[252, 7, (-1.1738194583259948e-06+5.1122420736157627e-17j), (-0.5345960257954099+4.634666665132946e-17j), (-0.6222457649807476+1.0671286437645282e-17j), 1, 2], [0, 0, -0.019971095546521767, -0.019971095546521767, -9.947598300641403e-14, 7, 254], [58, 3, 0.8461507292053215, 1.7987764414083256, 4.400575293512391, 14, 196], [53, 3, -3.656647126328476, -2.723976884745748, -0.1077811823480611, 14, 201], [53, 3, -0.8461351042790782, -1.7788053458618056, -4.395001048259494, 14, 201]]","[[248, 4, (1.2125545441610264e-06-6.079699886851098e-17j), (0.5733366471325038+3.746356980675507e-18j), (-0.8714219882451263-6.718015695743752e-17j), 3, 6], [0, 0, -0.020121714083628284, -0.020121714083628284, -7.283063041541027e-14, 4, 254], [44, 3, 1.2471492665058557, 2.0521017933841526, 6.494670998509882, 11, 210], [40, 3, -3.9965524249873177, -3.2116919665999912, 1.2473489734598882, 11, 214], [40, 3, -1.247119620913197, -2.0319800793005256, -6.491021019360407, 11, 214]]","[[253, 6, (-2.9187845690739622e-08-1.3241124275305147e-17j), (-0.6424079200328198+3.632454681990752e-17j), (-0.6563464434885768+6.916399513503113e-17j), 1, 1], [0, 0, -0.027609768141164892, -0.027609768141164892, 1.7763568394002505e-15, 6, 254], [58, 4, 1.2044462527676911, 1.8822013045461317, 3.4150843063419916, 7, 196], [54, 4, -3.238711857310995, -2.588288068314889, -1.0280186218933476, 7, 200], [54, 4, -1.2041677474088612, -1.854591536404967, -3.4148609828265073, 7, 200]]","[[254, 4, (-1.9209221473713567e-06+3.077033642446245e-17j), (-0.6152363671249864+2.514386815120597e-17j), (-0.6152363671249864+2.514386815120597e-17j), 0, 0], [0, 0, -0.02875761105923491, -0.02875761105923491, -2.744471316873387e-13, 4, 254], [42, 6, 1.061219097121076, 1.6596640599858825, 3.9507250370834335, 2, 212], [34, 6, -3.213907549610447, -2.643533569438769, -0.32692192118972996, 2, 220], [34, 6, -1.060532468754972, -1.6309064489266498, -3.9475180971756876, 2, 220]]","[[249, 6, (-7.188627113019486e-07+2.769259912113766e-18j), (0.570230238476056-2.166933339349616e-17j), (-0.7280780949397004+3.185422237361052e-17j), 3, 5], [0, 0, -0.02973631965610224, -0.02973631965610224, -2.1316282072803006e-14, 7, 254], [0, 0, 1.3817257965201373, 1.3817257965201373, 4.856492005447566, 15, 254], [0, 0, -3.7110667489835802, -3.7110667489835802, -0.21081410558800132, 15, 254], [0, 0, -1.3519894768640373, -1.3519894768640373, -4.852242120259615, 15, 254]]"
